Transaction ID,Date,Customer ID,Product ID,Product Name,Quantity,Price,Total Amount
9141,2023-07-28 14:55:57.026447,60,2,Banana,4,7.79,31.16
4739,2024-01-21 14:55:57.026447,48,1,Apple,10,1.48,14.8
2202,2023-12-15 14:55:57.026447,91,5,Eggs,8,8.14,65.12
7275,2024-06-10 14:55:57.026447,59,4,Bread,9,1.51,13.59
2518,2023-07-28 14:55:57.026447,49,6,Cereal,8,9.88,79.04
3737,2023-12-24 14:55:57.026447,8,6,Cereal,5,9.83,49.15
6526,2024-01-17 14:55:57.027448,79,6,Cereal,6,8.55,51.3
3913,2024-05-30 14:55:57.027448,75,2,Banana,1,7.75,7.75
4489,2024-04-20 14:55:57.027448,85,5,Eggs,8,8.46,67.68
2674,2024-06-13 14:55:57.027448,17,2,Banana,1,8.67,8.67
4183,2024-02-14 14:55:57.027448,86,4,Bread,8,1.72,13.76
4829,2024-06-05 14:55:57.027448,19,8,Soda,4,7.93,31.72
9178,2024-02-23 14:55:57.027448,30,4,Bread,6,1.22,7.32
7713,2024-06-08 14:55:57.027448,99,4,Bread,9,5.54,49.86
6573,2023-12-06 14:55:57.027448,74,6,Cereal,7,7.9,55.3
5250,2024-06-13 14:55:57.027448,20,7,Chips,10,5.83,58.3
9094,2024-06-23 14:55:57.027448,94,2,Banana,10,9.76,97.6
4609,2024-02-05 14:55:57.027448,25,1,Apple,1,7.51,7.51
7299,2024-02-19 14:55:57.027448,73,8,Soda,10,2.4,24.0
3129,2024-03-14 14:55:57.027448,35,2,Banana,8,1.82,14.56
1998,2024-03-21 14:55:57.027448,75,7,Chips,8,1.95,15.6
4890,2023-12-18 14:55:57.027448,23,8,Soda,4,8.46,33.84
2375,2023-12-02 14:55:57.027448,42,1,Apple,6,1.82,10.92
3698,2023-11-13 14:55:57.027448,65,9,Butter,5,7.13,35.65
6271,2024-01-04 14:55:57.027448,49,2,Banana,7,4.64,32.48
2286,2024-03-11 14:55:57.027448,90,2,Banana,7,8.04,56.28
8273,2023-07-31 14:55:57.027448,75,9,Butter,4,2.02,8.08
5427,2023-10-30 14:55:57.027448,10,5,Eggs,8,7.67,61.36
3228,2024-02-22 14:55:57.027448,56,6,Cereal,1,4.12,4.12
4525,2023-07-30 14:55:57.027448,14,4,Bread,6,2.62,15.72
7722,2023-12-12 14:55:57.027448,11,3,Milk,8,4.93,39.44
9163,2024-02-04 14:55:57.027448,81,3,Milk,10,3.72,37.2
2973,2024-04-19 14:55:57.027448,78,8,Soda,2,7.03,14.06
3826,2024-05-13 14:55:57.027448,30,5,Eggs,1,9.73,9.73
2412,2023-10-15 14:55:57.027448,78,5,Eggs,2,8.37,16.74
2070,2023-08-10 14:55:57.027448,22,2,Banana,3,4.34,13.02
1142,2023-12-15 14:55:57.027448,39,5,Eggs,6,3.72,22.32
5022,2024-04-17 14:55:57.027448,96,3,Milk,10,5.34,53.4
5664,2023-08-03 14:55:57.027448,10,6,Cereal,9,4.73,42.57
4642,2024-05-31 14:55:57.027448,57,5,Eggs,4,1.4,5.6
2770,2023-08-22 14:55:57.027448,29,9,Butter,3,7.01,21.03
2582,2023-11-16 14:55:57.028445,55,6,Cereal,10,4.28,42.8
1212,2023-10-29 14:55:57.028445,95,4,Bread,7,5.04,35.28
7539,2023-12-15 14:55:57.028445,7,3,Milk,5,9.4,47.0
5111,2023-10-07 14:55:57.028445,39,9,Butter,9,4.77,42.93
5569,2023-08-29 14:55:57.028445,100,1,Apple,9,2.1,18.9
2405,2023-12-03 14:55:57.028445,6,8,Soda,7,8.64,60.48
7948,2023-11-25 14:55:57.028445,31,2,Banana,5,5.02,25.1
6136,2024-06-19 14:55:57.028445,79,1,Apple,8,8.5,68.0
1615,2024-03-16 14:55:57.028445,56,3,Milk,9,1.14,10.26
1382,2023-12-22 14:55:57.028445,39,4,Bread,8,9.34,74.72
1203,2023-07-04 14:55:57.028445,82,2,Banana,8,6.05,48.4
6820,2023-07-19 14:55:57.028445,21,6,Cereal,9,1.69,15.21
9821,2023-07-31 14:55:57.028445,37,9,Butter,6,3.49,20.94
6978,2024-02-25 14:55:57.028445,34,3,Milk,4,8.21,32.84
6811,2024-02-10 14:55:57.028445,44,7,Chips,5,1.91,9.55
2312,2024-06-08 14:55:57.028445,80,2,Banana,4,2.84,11.36
7363,2023-08-07 14:55:57.028445,63,6,Cereal,6,7.71,46.26
1228,2023-08-28 14:55:57.028445,55,4,Bread,8,1.73,13.84
5640,2024-05-12 14:55:57.028445,80,2,Banana,3,3.02,9.06
7779,2023-06-28 14:55:57.028445,96,3,Milk,1,5.47,5.47
1045,2024-04-14 14:55:57.028445,51,1,Apple,6,4.29,25.74
5756,2023-08-21 14:55:57.028445,8,7,Chips,4,7.79,31.16
3772,2023-06-27 14:55:57.028445,63,9,Butter,4,5.35,21.4
4114,2023-09-28 14:55:57.028445,69,7,Chips,6,9.11,54.66
4049,2024-01-16 14:55:57.028445,11,9,Butter,4,7.73,30.92
3467,2024-04-04 14:55:57.028445,97,6,Cereal,4,5.47,21.88
6595,2023-07-09 14:55:57.028445,9,8,Soda,6,2.11,12.66
6683,2023-07-17 14:55:57.028445,10,8,Soda,6,7.87,47.22
9153,2023-08-19 14:55:57.028445,74,4,Bread,7,2.46,17.22
3011,2024-02-13 14:55:57.028445,85,1,Apple,10,6.35,63.5
6221,2024-03-09 14:55:57.028445,87,6,Cereal,9,7.46,67.14
4787,2023-12-07 14:55:57.028445,24,3,Milk,4,9.54,38.16
9109,2024-01-29 14:55:57.028445,68,6,Cereal,4,9.07,36.28
8945,2023-12-28 14:55:57.028445,35,2,Banana,1,3.44,3.44
5173,2023-07-03 14:55:57.028445,3,5,Eggs,10,4.19,41.9
4851,2024-01-04 14:55:57.028445,63,2,Banana,10,8.83,88.3
6737,2023-09-20 14:55:57.029448,88,8,Soda,8,5.34,42.72
3980,2024-03-17 14:55:57.029448,2,8,Soda,6,3.39,20.34
3832,2024-01-08 14:55:57.029448,31,3,Milk,7,7.71,53.97
6341,2024-03-25 14:55:57.029448,58,3,Milk,1,1.63,1.63
8049,2023-10-09 14:55:57.029448,60,7,Chips,2,9.27,18.54
9444,2024-06-16 14:55:57.029448,30,3,Milk,8,7.21,57.68
4213,2024-02-28 14:55:57.029448,38,2,Banana,10,1.28,12.8
7277,2023-07-04 14:55:57.029448,55,1,Apple,10,6.82,68.2
9917,2024-02-24 14:55:57.029448,91,3,Milk,5,8.43,42.15
9642,2024-06-16 14:55:57.029448,31,6,Cereal,8,8.91,71.28
2252,2024-04-28 14:55:57.029448,74,4,Bread,6,1.33,7.98
2691,2023-07-09 14:55:57.029448,31,2,Banana,8,9.61,76.88
1650,2023-11-20 14:55:57.029448,33,8,Soda,7,9.54,66.78
4679,2023-08-09 14:55:57.029448,39,9,Butter,9,1.68,15.12
9105,2024-02-05 14:55:57.029448,87,5,Eggs,1,6.92,6.92
8181,2024-05-07 14:55:57.029448,67,3,Milk,7,2.05,14.35
3272,2023-11-15 14:55:57.029448,7,3,Milk,10,8.32,83.2
2942,2023-07-23 14:55:57.029448,54,7,Chips,4,7.96,31.84
1810,2024-04-05 14:55:57.029448,71,9,Butter,5,1.02,5.1
6397,2024-03-11 14:55:57.029448,58,6,Cereal,1,3.64,3.64
5286,2024-06-11 14:55:57.029448,38,1,Apple,2,5.05,10.1
2023,2024-04-07 14:55:57.029448,62,7,Chips,7,9.67,67.69
2493,2024-06-13 14:55:57.029448,11,3,Milk,9,4.56,41.04
4310,2023-07-04 14:55:57.029448,43,1,Apple,9,9.48,85.32
1867,2023-08-20 14:55:57.029448,2,6,Cereal,10,6.35,63.5
9892,2024-02-06 14:55:57.029448,32,8,Soda,4,2.68,10.72
1484,2024-01-23 14:55:57.029448,88,6,Cereal,7,4.54,31.78
7105,2023-07-31 14:55:57.029448,56,2,Banana,2,6.3,12.6
5324,2024-02-05 14:55:57.029448,32,4,Bread,5,9.75,48.75
3081,2024-03-17 14:55:57.029448,68,6,Cereal,2,6.63,13.26
3634,2023-09-17 14:55:57.029448,77,6,Cereal,8,9.36,74.88
1390,2024-05-18 14:55:57.029448,68,3,Milk,6,8.92,53.52
7230,2023-07-26 14:55:57.029448,79,1,Apple,6,5.71,34.26
9104,2024-03-28 14:55:57.029448,8,9,Butter,1,8.46,8.46
9947,2023-07-02 14:55:57.030448,66,7,Chips,8,9.58,76.64
1532,2023-10-24 14:55:57.030448,80,4,Bread,8,8.7,69.6
3854,2024-02-24 14:55:57.030448,15,7,Chips,10,6.67,66.7
6982,2023-09-07 14:55:57.030448,21,8,Soda,5,2.4,12.0
3628,2023-10-14 14:55:57.030448,7,3,Milk,6,4.92,29.52
6394,2023-12-26 14:55:57.030448,17,9,Butter,7,6.34,44.38
9324,2024-04-21 14:55:57.030448,32,2,Banana,6,4.05,24.3
2546,2024-05-01 14:55:57.030448,72,7,Chips,3,8.2,24.6
3389,2023-11-21 14:55:57.030448,97,2,Banana,7,1.09,7.63
5811,2024-06-10 14:55:57.030448,47,9,Butter,7,9.96,69.72
1380,2024-03-18 14:55:57.030448,26,2,Banana,8,8.83,70.64
6884,2024-03-28 14:55:57.030448,96,8,Soda,4,5.04,20.16
4386,2023-11-22 14:55:57.030448,100,5,Eggs,10,2.46,24.6
1732,2024-04-25 14:55:57.030448,45,5,Eggs,7,4.46,31.22
8806,2023-12-13 14:55:57.030448,75,6,Cereal,1,1.27,1.27
5647,2023-12-22 14:55:57.030448,30,7,Chips,6,6.75,40.5
1709,2024-05-29 14:55:57.030448,1,1,Apple,2,1.27,2.54
2895,2023-09-13 14:55:57.030448,34,9,Butter,5,6.73,33.65
2707,2023-08-27 14:55:57.030448,63,5,Eggs,1,6.31,6.31
8956,2023-11-22 14:55:57.030448,61,6,Cereal,6,8.09,48.54
3052,2024-01-05 14:55:57.030448,36,4,Bread,9,6.78,61.02
8580,2024-04-26 14:55:57.030448,67,4,Bread,5,5.36,26.8
4613,2023-11-16 14:55:57.030448,72,8,Soda,2,5.09,10.18
9873,2024-02-11 14:55:57.030448,61,2,Banana,8,2.56,20.48
3858,2023-12-10 14:55:57.030448,92,9,Butter,5,6.33,31.65
2339,2024-04-15 14:55:57.030448,26,5,Eggs,9,4.18,37.62
9388,2023-12-04 14:55:57.030448,95,3,Milk,7,7.85,54.95
6713,2024-01-14 14:55:57.030448,44,9,Butter,4,3.48,13.92
6718,2024-04-30 14:55:57.030448,92,8,Soda,2,6.41,12.82
7255,2024-03-03 14:55:57.030448,72,1,Apple,10,5.99,59.9
4588,2024-01-16 14:55:57.030448,19,2,Banana,2,6.33,12.66
6409,2024-01-25 14:55:57.030448,71,5,Eggs,4,8.94,35.76
6655,2023-11-01 14:55:57.030448,66,8,Soda,2,9.75,19.5
7110,2023-09-15 14:55:57.030448,58,7,Chips,5,9.59,47.95
5236,2024-05-17 14:55:57.030448,51,9,Butter,3,9.5,28.5
4451,2023-08-20 14:55:57.030448,1,6,Cereal,2,4.57,9.14
2666,2023-10-09 14:55:57.031446,32,4,Bread,1,6.79,6.79
2351,2023-12-26 14:55:57.031446,7,4,Bread,1,5.64,5.64
9357,2023-12-06 14:55:57.031446,13,7,Chips,3,8.22,24.66
1505,2024-01-21 14:55:57.031446,4,3,Milk,6,1.61,9.66
8853,2024-02-17 14:55:57.031446,29,1,Apple,5,8.75,43.75
7791,2024-01-30 14:55:57.031446,96,7,Chips,7,7.07,49.49
8885,2024-05-03 14:55:57.031446,28,5,Eggs,8,9.46,75.68
3525,2024-03-27 14:55:57.031446,99,2,Banana,8,7.7,61.6
8490,2024-04-08 14:55:57.031446,85,5,Eggs,4,3.55,14.2
1576,2023-08-30 14:55:57.031446,53,3,Milk,3,3.65,10.95
8303,2023-11-11 14:55:57.031446,73,2,Banana,3,9.18,27.54
5751,2023-11-30 14:55:57.031446,13,3,Milk,10,4.41,44.1
5926,2023-07-11 14:55:57.031446,56,3,Milk,5,7.58,37.9
5567,2024-02-16 14:55:57.031446,63,6,Cereal,8,8.76,70.08
6522,2024-04-29 14:55:57.031446,18,1,Apple,8,8.02,64.16
9304,2024-06-06 14:55:57.031446,38,9,Butter,10,4.09,40.9
1816,2023-07-15 14:55:57.031446,19,7,Chips,10,2.24,22.4
3147,2024-06-18 14:55:57.031446,3,4,Bread,5,6.32,31.6
1709,2024-03-02 14:55:57.031446,82,6,Cereal,4,1.49,5.96
3888,2024-06-08 14:55:57.031446,96,4,Bread,4,6.69,26.76
3975,2024-03-08 14:55:57.031446,36,3,Milk,8,8.21,65.68
5371,2024-05-03 14:55:57.031446,65,7,Chips,7,7.5,52.5
3047,2024-04-03 14:55:57.031446,77,6,Cereal,4,1.3,5.2
5322,2024-04-25 14:55:57.031446,49,7,Chips,6,3.75,22.5
8839,2023-09-29 14:55:57.031446,60,9,Butter,3,7.26,21.78
6262,2024-03-16 14:55:57.031446,80,7,Chips,2,8.38,16.76
2969,2023-10-21 14:55:57.031446,29,3,Milk,3,6.59,19.77
4588,2023-12-13 14:55:57.031446,50,2,Banana,2,8.33,16.66
7431,2024-02-21 14:55:57.031446,70,9,Butter,9,1.72,15.48
9872,2024-05-27 14:55:57.031446,92,2,Banana,1,7.19,7.19
1412,2024-03-07 14:55:57.031446,70,6,Cereal,4,8.43,33.72
6697,2024-05-31 14:55:57.031446,83,7,Chips,8,5.59,44.72
2472,2024-05-28 14:55:57.032448,14,3,Milk,8,2.0,16.0
7403,2024-04-25 14:55:57.032448,11,5,Eggs,10,3.98,39.8
6254,2023-07-23 14:55:57.032448,62,5,Eggs,9,5.61,50.49
1520,2023-11-02 14:55:57.032448,100,3,Milk,8,4.26,34.08
1722,2023-10-25 14:55:57.032448,23,9,Butter,7,3.11,21.77
1550,2024-04-23 14:55:57.032448,37,2,Banana,5,5.18,25.9
5864,2024-05-05 14:55:57.032448,8,9,Butter,2,6.03,12.06
5865,2023-10-01 14:55:57.033448,2,1,Apple,5,2.06,10.3
7531,2024-02-14 14:55:57.033448,27,4,Bread,2,2.72,5.44
5334,2023-11-27 14:55:57.033448,23,2,Banana,10,1.79,17.9
5477,2024-06-03 14:55:57.033448,3,3,Milk,4,3.87,15.48
7419,2024-03-09 14:55:57.033448,32,8,Soda,4,9.42,37.68
5103,2024-05-23 14:55:57.033448,70,8,Soda,2,8.11,16.22
4692,2024-04-27 14:55:57.033448,40,8,Soda,4,5.18,20.72
2417,2024-01-31 14:55:57.033448,37,5,Eggs,10,5.06,50.6
8391,2024-01-05 14:55:57.033448,74,2,Banana,9,8.85,79.65
3682,2024-03-22 14:55:57.033448,53,1,Apple,3,2.6,7.8
4324,2023-09-09 14:55:57.033448,88,2,Banana,2,4.96,9.92
7175,2024-03-13 14:55:57.033448,21,9,Butter,1,3.46,3.46
3145,2023-12-16 14:55:57.033448,48,4,Bread,9,2.67,24.03
9758,2024-03-07 14:55:57.033448,30,9,Butter,5,4.09,20.45
3145,2024-04-20 14:55:57.033448,100,3,Milk,6,7.55,45.3
5720,2023-10-20 14:55:57.033448,18,9,Butter,3,9.84,29.52
1702,2024-03-14 14:55:57.033448,14,7,Chips,9,7.05,63.45
5938,2023-09-18 14:55:57.033448,64,7,Chips,8,1.49,11.92
6999,2024-06-13 14:55:57.033448,41,6,Cereal,4,1.1,4.4
8175,2024-05-24 14:55:57.033448,53,3,Milk,6,5.39,32.34
2852,2023-12-28 14:55:57.033448,13,3,Milk,2,2.19,4.38
1299,2023-12-31 14:55:57.033448,60,8,Soda,5,6.71,33.55
5331,2024-01-27 14:55:57.033448,6,7,Chips,1,9.68,9.68
1723,2024-02-13 14:55:57.033448,13,6,Cereal,2,8.1,16.2
7056,2023-12-24 14:55:57.033448,87,7,Chips,10,7.75,77.5
5157,2023-10-10 14:55:57.033448,97,9,Butter,2,5.24,10.48
2051,2024-04-02 14:55:57.033448,41,7,Chips,5,8.12,40.6
9968,2024-02-22 14:55:57.033448,46,7,Chips,2,1.62,3.24
8625,2023-11-09 14:55:57.033448,26,5,Eggs,2,8.43,16.86
9995,2023-11-23 14:55:57.033448,97,9,Butter,6,1.17,7.02
3027,2023-10-14 14:55:57.033448,41,1,Apple,8,7.12,56.96
6496,2023-09-05 14:55:57.034444,89,7,Chips,3,3.17,9.51
3318,2024-03-15 14:55:57.034444,15,2,Banana,10,2.15,21.5
1831,2023-08-14 14:55:57.034444,97,5,Eggs,10,9.78,97.8
5959,2024-01-01 14:55:57.034444,33,1,Apple,7,4.52,31.64
2592,2024-04-12 14:55:57.034444,42,6,Cereal,3,8.61,25.83
9353,2024-05-20 14:55:57.034444,49,5,Eggs,7,7.02,49.14
8083,2023-07-27 14:55:57.034444,8,3,Milk,2,7.05,14.1
4623,2024-01-12 14:55:57.034444,71,5,Eggs,1,4.19,4.19
3250,2023-11-06 14:55:57.034444,24,5,Eggs,8,5.21,41.68
1569,2024-03-24 14:55:57.034444,10,1,Apple,8,8.38,67.04
5038,2024-04-18 14:55:57.034444,59,1,Apple,10,3.25,32.5
9298,2024-04-20 14:55:57.034444,63,2,Banana,3,3.16,9.48
5630,2023-10-10 14:55:57.034444,58,9,Butter,3,6.87,20.61
5728,2023-08-15 14:55:57.034444,25,2,Banana,10,6.98,69.8
9068,2024-03-28 14:55:57.034444,56,3,Milk,3,6.11,18.33
1504,2024-01-25 14:55:57.034444,21,4,Bread,10,9.11,91.1
3843,2023-10-18 14:55:57.034444,37,1,Apple,5,8.6,43.0
8254,2024-05-17 14:55:57.034444,94,4,Bread,8,4.91,39.28
4886,2024-06-07 14:55:57.034444,44,2,Banana,9,3.86,34.74
3912,2024-04-07 14:55:57.034444,76,1,Apple,6,7.41,44.46
3509,2023-07-04 14:55:57.034444,18,7,Chips,9,4.77,42.93
9885,2023-09-27 14:55:57.034444,22,1,Apple,10,1.16,11.6
9150,2024-01-29 14:55:57.034444,89,6,Cereal,8,7.02,56.16
1123,2024-02-06 14:55:57.034444,7,9,Butter,4,9.31,37.24
1988,2024-02-03 14:55:57.034444,59,8,Soda,7,8.2,57.4
6378,2024-05-26 14:55:57.034444,72,7,Chips,7,2.38,16.66
6357,2023-09-27 14:55:57.034444,80,6,Cereal,10,4.99,49.9
3016,2024-05-05 14:55:57.034444,31,7,Chips,4,5.17,20.68
2898,2024-02-19 14:55:57.034444,73,9,Butter,3,4.04,12.12
9857,2024-06-22 14:55:57.034444,68,9,Butter,1,9.17,9.17
2175,2024-02-06 14:55:57.034444,39,3,Milk,4,6.46,25.84
2874,2024-01-27 14:55:57.034444,8,6,Cereal,6,9.47,56.82
7582,2023-08-02 14:55:57.034444,91,4,Bread,1,1.13,1.13
6339,2024-05-08 14:55:57.034444,46,1,Apple,6,8.21,49.26
3619,2023-07-05 14:55:57.034444,26,1,Apple,10,5.46,54.6
9478,2024-03-10 14:55:57.035442,30,3,Milk,3,1.31,3.93
6795,2024-06-08 14:55:57.035442,36,3,Milk,3,9.35,28.05
4389,2024-03-23 14:55:57.035442,87,4,Bread,10,8.14,81.4
9984,2024-02-09 14:55:57.035442,67,2,Banana,4,2.98,11.92
4998,2023-12-29 14:55:57.035442,62,5,Eggs,4,4.19,16.76
7634,2024-04-08 14:55:57.035442,48,4,Bread,10,2.48,24.8
8158,2023-12-08 14:55:57.035442,47,2,Banana,2,4.38,8.76
7199,2023-09-04 14:55:57.035442,100,1,Apple,7,4.61,32.27
1134,2023-12-19 14:55:57.035442,47,1,Apple,5,3.35,16.75
8129,2024-06-03 14:55:57.035442,78,3,Milk,6,1.28,7.68
2548,2023-08-03 14:55:57.035442,59,6,Cereal,4,1.72,6.88
1178,2023-08-01 14:55:57.035442,60,6,Cereal,8,2.5,20.0
6365,2024-06-11 14:55:57.035442,72,8,Soda,7,1.08,7.56
4553,2024-03-05 14:55:57.035442,66,6,Cereal,9,4.21,37.89
8591,2024-01-02 14:55:57.035442,33,4,Bread,1,2.75,2.75
8167,2023-07-22 14:55:57.035442,84,7,Chips,9,6.02,54.18
7210,2024-03-20 14:55:57.035442,46,3,Milk,9,2.47,22.23
8151,2023-09-18 14:55:57.035442,47,6,Cereal,8,9.33,74.64
9390,2024-05-29 14:55:57.035442,41,2,Banana,6,6.79,40.74
8901,2024-01-22 14:55:57.035442,30,6,Cereal,10,7.7,77.0
1931,2023-07-08 14:55:57.035442,23,3,Milk,3,4.31,12.93
8651,2023-09-06 14:55:57.035442,97,8,Soda,1,1.68,1.68
8672,2023-12-16 14:55:57.035442,65,3,Milk,7,4.38,30.66
1984,2023-09-10 14:55:57.035442,36,7,Chips,9,3.59,32.31
1314,2023-08-25 14:55:57.035442,44,1,Apple,3,5.68,17.04
6523,2023-09-19 14:55:57.035442,21,2,Banana,7,1.8,12.6
4705,2023-12-22 14:55:57.035442,23,2,Banana,9,8.66,77.94
7253,2024-01-22 14:55:57.035442,29,2,Banana,9,2.88,25.92
2889,2023-10-06 14:55:57.035442,94,5,Eggs,8,3.97,31.76
9267,2024-01-09 14:55:57.035442,6,2,Banana,6,1.99,11.94
6355,2023-08-08 14:55:57.035442,27,3,Milk,10,6.04,60.4
1702,2023-07-26 14:55:57.036444,85,3,Milk,1,6.55,6.55
9469,2023-09-08 14:55:57.036444,19,5,Eggs,5,3.14,15.7
1333,2024-03-25 14:55:57.036444,82,2,Banana,4,7.16,28.64
4068,2024-05-05 14:55:57.036444,57,5,Eggs,8,7.98,63.84
6202,2023-11-15 14:55:57.036444,43,9,Butter,9,6.05,54.45
9482,2024-06-11 14:55:57.036444,14,8,Soda,6,5.66,33.96
5960,2024-03-23 14:55:57.036444,1,7,Chips,10,2.57,25.7
3599,2024-06-02 14:55:57.036444,68,1,Apple,6,4.09,24.54
9748,2023-09-12 14:55:57.036444,42,6,Cereal,1,8.78,8.78
5082,2023-08-09 14:55:57.036444,93,2,Banana,2,7.25,14.5
7451,2023-08-19 14:55:57.036444,60,7,Chips,7,4.97,34.79
4362,2023-07-16 14:55:57.036444,73,8,Soda,3,3.3,9.9
4120,2023-10-29 14:55:57.036444,35,6,Cereal,8,7.1,56.8
3572,2023-10-03 14:55:57.036444,58,9,Butter,8,4.08,32.64
5696,2024-03-14 14:55:57.036444,48,8,Soda,6,9.84,59.04
3418,2023-08-06 14:55:57.036444,28,8,Soda,1,1.47,1.47
2025,2023-09-09 14:55:57.036444,64,6,Cereal,6,7.61,45.66
1168,2023-11-17 14:55:57.036444,11,6,Cereal,4,3.64,14.56
2928,2023-11-10 14:55:57.036444,91,5,Eggs,8,8.79,70.32
9445,2024-03-23 14:55:57.036444,66,5,Eggs,2,6.72,13.44
5712,2024-03-01 14:55:57.036444,45,5,Eggs,5,3.57,17.85
7647,2023-07-05 14:55:57.036444,24,6,Cereal,5,1.97,9.85
6188,2024-05-01 14:55:57.036444,25,2,Banana,5,6.96,34.8
1297,2023-09-15 14:55:57.036444,66,3,Milk,5,8.13,40.65
7022,2023-12-07 14:55:57.036444,4,7,Chips,5,9.74,48.7
1291,2023-08-25 14:55:57.036444,17,2,Banana,8,7.36,58.88
1162,2023-10-02 14:55:57.036444,64,8,Soda,2,4.42,8.84
9893,2023-09-21 14:55:57.036444,42,3,Milk,10,7.12,71.2
3372,2023-12-03 14:55:57.036444,96,3,Milk,1,1.47,1.47
6598,2024-04-19 14:55:57.036444,9,6,Cereal,9,9.76,87.84
2711,2024-05-22 14:55:57.036444,17,5,Eggs,10,2.84,28.4
3563,2024-05-21 14:55:57.037446,19,1,Apple,8,6.9,55.2
1896,2024-02-02 14:55:57.037446,15,5,Eggs,8,3.23,25.84
2175,2024-03-12 14:55:57.037446,49,9,Butter,9,5.88,52.92
8973,2023-11-09 14:55:57.037446,19,6,Cereal,1,6.69,6.69
4546,2023-09-23 14:55:57.037446,62,7,Chips,4,4.95,19.8
8776,2024-04-21 14:55:57.037446,97,4,Bread,9,2.74,24.66
2442,2024-02-16 14:55:57.037446,50,1,Apple,6,4.15,24.9
6114,2023-06-30 14:55:57.037446,72,1,Apple,9,7.59,68.31
5646,2024-04-29 14:55:57.037446,24,7,Chips,5,4.21,21.05
9383,2023-12-06 14:55:57.037446,61,3,Milk,5,3.7,18.5
1754,2024-05-08 14:55:57.037446,14,2,Banana,4,7.92,31.68
2762,2024-06-10 14:55:57.037446,27,6,Cereal,8,6.44,51.52
3163,2024-04-02 14:55:57.037446,63,3,Milk,2,4.15,8.3
6546,2024-01-19 14:55:57.037446,7,8,Soda,6,8.1,48.6
2319,2023-09-09 14:55:57.037446,18,3,Milk,1,1.02,1.02
5289,2023-09-05 14:55:57.037446,19,8,Soda,5,6.02,30.1
5471,2023-10-13 14:55:57.037446,78,9,Butter,9,3.34,30.06
1945,2024-05-15 14:55:57.037446,52,1,Apple,9,9.11,81.99
6327,2023-12-24 14:55:57.037446,60,7,Chips,3,5.05,15.15
8447,2023-06-26 14:55:57.037446,75,6,Cereal,5,7.86,39.3
7219,2024-06-23 14:55:57.037446,16,2,Banana,8,9.33,74.64
1426,2023-11-14 14:55:57.037446,32,4,Bread,3,6.65,19.95
6089,2024-05-07 14:55:57.037446,41,4,Bread,7,3.44,24.08
1055,2023-09-12 14:55:57.037446,32,7,Chips,5,1.97,9.85
8369,2023-12-28 14:55:57.037446,83,1,Apple,1,2.22,2.22
7679,2024-01-16 14:55:57.037446,58,2,Banana,4,5.65,22.6
4957,2023-09-30 14:55:57.037446,91,3,Milk,2,5.04,10.08
5896,2023-07-08 14:55:57.037446,30,3,Milk,9,2.48,22.32
5556,2024-02-25 14:55:57.037446,62,9,Butter,9,3.09,27.81
3909,2023-09-14 14:55:57.037446,59,3,Milk,5,6.25,31.25
6450,2024-01-23 14:55:57.037446,37,2,Banana,10,5.99,59.9
2510,2024-01-10 14:55:57.037446,33,2,Banana,8,6.47,51.76
4458,2023-08-30 14:55:57.037446,72,6,Cereal,1,1.33,1.33
9811,2023-11-23 14:55:57.038443,30,6,Cereal,6,2.98,17.88
7447,2024-03-28 14:55:57.038443,27,6,Cereal,9,1.54,13.86
5357,2023-07-15 14:55:57.038443,92,9,Butter,3,8.23,24.69
2748,2024-04-10 14:55:57.038443,33,4,Bread,3,8.76,26.28
6511,2024-03-25 14:55:57.038443,7,1,Apple,10,1.65,16.5
3026,2023-06-28 14:55:57.038443,12,5,Eggs,7,9.73,68.11
5697,2024-06-16 14:55:57.038443,63,9,Butter,7,9.57,66.99
2398,2023-11-28 14:55:57.038443,59,3,Milk,6,9.01,54.06
2883,2024-03-05 14:55:57.038443,91,6,Cereal,5,3.13,15.65
2414,2023-06-29 14:55:57.038443,14,4,Bread,7,2.65,18.55
9687,2024-05-22 14:55:57.038443,26,1,Apple,6,3.4,20.4
1731,2024-03-21 14:55:57.038443,15,7,Chips,7,1.37,9.59
1004,2023-08-05 14:55:57.038443,30,3,Milk,8,2.46,19.68
7470,2024-01-17 14:55:57.038443,43,7,Chips,5,1.41,7.05
3927,2024-03-10 14:55:57.038443,48,7,Chips,5,9.34,46.7
4809,2024-04-16 14:55:57.038443,21,6,Cereal,3,1.93,5.79
5964,2024-03-21 14:55:57.038443,97,1,Apple,8,7.8,62.4
1067,2023-08-19 14:55:57.038443,99,9,Butter,9,5.29,47.61
6037,2024-04-04 14:55:57.038443,55,5,Eggs,5,2.71,13.55
1247,2024-03-05 14:55:57.038443,73,2,Banana,6,9.04,54.24
6921,2024-02-28 14:55:57.038443,20,8,Soda,9,1.43,12.87
5238,2023-07-20 14:55:57.038443,28,4,Bread,5,6.69,33.45
7029,2023-12-19 14:55:57.038443,100,6,Cereal,4,9.94,39.76
5138,2024-04-25 14:55:57.038443,48,9,Butter,9,9.61,86.49
6046,2024-03-02 14:55:57.038443,83,6,Cereal,8,5.79,46.32
1975,2024-03-23 14:55:57.038443,78,8,Soda,9,3.95,35.55
7899,2023-11-10 14:55:57.038443,25,8,Soda,7,2.58,18.06
7550,2023-12-24 14:55:57.038443,92,1,Apple,7,7.16,50.12
3149,2023-07-21 14:55:57.038443,33,1,Apple,3,7.11,21.33
3934,2024-03-12 14:55:57.039447,93,4,Bread,6,5.61,33.66
4783,2023-09-30 14:55:57.039447,76,9,Butter,5,5.89,29.45
3831,2023-12-30 14:55:57.039447,37,2,Banana,1,8.97,8.97
6813,2023-08-15 14:55:57.039447,25,8,Soda,2,2.84,5.68
6985,2023-11-25 14:55:57.039447,34,1,Apple,8,2.84,22.72
8293,2023-10-10 14:55:57.039447,3,1,Apple,1,9.3,9.3
2910,2024-01-08 14:55:57.039447,52,8,Soda,9,6.36,57.24
9883,2024-02-22 14:55:57.039447,28,7,Chips,5,4.47,22.35
1803,2024-01-05 14:55:57.039447,84,7,Chips,4,9.55,38.2
7973,2024-04-02 14:55:57.039447,56,9,Butter,9,9.12,82.08
6682,2023-09-27 14:55:57.039447,31,3,Milk,3,3.81,11.43
7198,2024-04-10 14:55:57.039447,81,8,Soda,7,9.99,69.93
1626,2023-12-14 14:55:57.039447,74,4,Bread,5,1.5,7.5
2009,2023-07-14 14:55:57.039447,31,8,Soda,7,1.0,7.0
1566,2023-10-08 14:55:57.039447,89,1,Apple,10,7.66,76.6
1406,2024-03-27 14:55:57.039447,71,6,Cereal,4,9.57,38.28
1357,2024-03-11 14:55:57.039447,40,8,Soda,2,2.72,5.44
1693,2024-06-18 14:55:57.039447,77,4,Bread,1,4.27,4.27
7488,2024-04-05 14:55:57.039447,15,6,Cereal,3,7.72,23.16
9901,2024-01-19 14:55:57.039447,89,4,Bread,10,8.61,86.1
5382,2023-08-21 14:55:57.039447,39,1,Apple,5,9.98,49.9
5335,2023-11-08 14:55:57.040448,17,6,Cereal,4,1.23,4.92
7448,2023-07-08 14:55:57.040448,23,1,Apple,1,1.77,1.77
3235,2023-09-16 14:55:57.040448,26,8,Soda,9,1.49,13.41
7617,2024-01-01 14:55:57.040448,71,5,Eggs,7,7.69,53.83
1321,2023-07-23 14:55:57.040448,71,9,Butter,10,7.24,72.4
2158,2023-12-15 14:55:57.040448,20,2,Banana,4,8.62,34.48
7395,2024-06-09 14:55:57.040448,28,3,Milk,8,8.26,66.08
7082,2023-09-26 14:55:57.040448,53,6,Cereal,8,7.22,57.76
7635,2024-05-01 14:55:57.040448,61,1,Apple,6,5.51,33.06
2662,2023-09-27 14:55:57.040448,9,7,Chips,5,9.32,46.6
6549,2023-07-18 14:55:57.040448,64,9,Butter,4,3.46,13.84
3282,2024-05-13 14:55:57.040448,77,3,Milk,6,7.61,45.66
6647,2024-04-02 14:55:57.041448,58,2,Banana,10,4.82,48.2
6545,2023-09-25 14:55:57.041448,55,2,Banana,6,7.32,43.92
5622,2024-02-09 14:55:57.041448,39,7,Chips,9,4.72,42.48
3244,2024-03-08 14:55:57.041448,33,2,Banana,7,2.08,14.56
9971,2024-06-23 14:55:57.041448,42,6,Cereal,1,5.72,5.72
3668,2023-07-23 14:55:57.041448,22,8,Soda,7,1.89,13.23
3254,2024-01-23 14:55:57.041448,84,4,Bread,2,6.56,13.12
9484,2023-10-04 14:55:57.041448,37,7,Chips,1,3.28,3.28
5787,2023-11-11 14:55:57.041448,31,6,Cereal,9,5.57,50.13
2285,2023-10-28 14:55:57.041448,11,6,Cereal,9,4.64,41.76
7201,2023-09-22 14:55:57.041448,44,7,Chips,6,7.71,46.26
2552,2023-09-18 14:55:57.042454,77,6,Cereal,10,2.74,27.4
2630,2023-10-29 14:55:57.042454,2,6,Cereal,4,5.65,22.6
6760,2023-10-14 14:55:57.042454,16,4,Bread,7,3.3,23.1
6448,2024-01-10 14:55:57.042454,44,7,Chips,2,6.87,13.74
7283,2023-07-26 14:55:57.042454,95,6,Cereal,1,7.59,7.59
2889,2024-02-18 14:55:57.042454,57,5,Eggs,10,5.2,52.0
1642,2024-03-12 14:55:57.042454,26,8,Soda,6,7.02,42.12
7820,2024-03-22 14:55:57.042454,94,4,Bread,5,8.16,40.8
4122,2023-11-24 14:55:57.042454,18,2,Banana,7,2.58,18.06
2207,2024-06-06 14:55:57.042454,50,8,Soda,1,2.63,2.63
3956,2023-10-25 14:55:57.042454,61,4,Bread,3,2.99,8.97
1949,2024-01-17 14:55:57.042454,6,6,Cereal,5,2.3,11.5
4442,2024-04-04 14:55:57.042454,62,7,Chips,10,4.48,44.8
9413,2023-10-20 14:55:57.042454,79,2,Banana,5,1.29,6.45
8983,2023-08-09 14:55:57.042454,70,1,Apple,7,1.92,13.44
6983,2024-01-15 14:55:57.042454,31,7,Chips,1,8.94,8.94
4977,2023-11-06 14:55:57.042454,29,5,Eggs,1,9.68,9.68
4613,2023-08-16 14:55:57.042454,28,8,Soda,7,4.3,30.1
3455,2024-06-15 14:55:57.043446,47,8,Soda,2,8.08,16.16
7941,2024-06-03 14:55:57.043446,88,9,Butter,4,7.11,28.44
3533,2023-12-16 14:55:57.043446,63,2,Banana,7,9.34,65.38
7424,2024-06-06 14:55:57.043446,45,8,Soda,8,9.12,72.96
8787,2023-11-26 14:55:57.043446,95,5,Eggs,6,9.02,54.12
1474,2023-11-13 14:55:57.043446,8,8,Soda,1,7.21,7.21
1869,2024-02-09 14:55:57.043446,62,3,Milk,9,5.94,53.46
9742,2023-09-19 14:55:57.043446,42,9,Butter,6,1.05,6.3
5316,2023-12-26 14:55:57.043446,75,1,Apple,5,4.11,20.55
2194,2024-02-29 14:55:57.043446,21,6,Cereal,1,8.94,8.94
8414,2023-08-01 14:55:57.043446,17,4,Bread,2,7.49,14.98
5326,2023-08-10 14:55:57.043446,70,5,Eggs,4,2.67,10.68
8508,2024-02-29 14:55:57.043446,76,5,Eggs,3,9.51,28.53
9626,2024-02-22 14:55:57.044453,2,9,Butter,8,5.17,41.36
4318,2024-06-05 14:55:57.044453,1,8,Soda,5,3.75,18.75
8143,2024-05-21 14:55:57.044453,70,6,Cereal,3,7.33,21.99
5296,2023-11-26 14:55:57.044453,60,7,Chips,4,1.75,7.0
8515,2023-08-03 14:55:57.044453,84,7,Chips,10,9.06,90.6
9985,2024-04-22 14:55:57.044453,5,2,Banana,2,4.86,9.72
8048,2024-01-05 14:55:57.044453,42,8,Soda,7,5.01,35.07
7836,2023-06-28 14:55:57.044453,7,8,Soda,6,2.89,17.34
8149,2024-06-20 14:55:57.044453,53,7,Chips,10,2.97,29.7
1310,2023-12-20 14:55:57.044453,26,1,Apple,6,3.84,23.04
5370,2023-09-24 14:55:57.044453,39,3,Milk,5,5.98,29.9
3043,2024-03-19 14:55:57.044453,65,9,Butter,3,6.79,20.37
2361,2024-01-09 14:55:57.045447,23,2,Banana,4,5.66,22.64
1325,2024-01-13 14:55:57.045447,5,2,Banana,7,7.8,54.6
9806,2024-04-07 14:55:57.045447,82,8,Soda,3,3.88,11.64
8398,2023-07-07 14:55:57.045447,2,9,Butter,3,9.85,29.55
9798,2023-12-14 14:55:57.045447,13,6,Cereal,10,5.99,59.9
1779,2023-11-22 14:55:57.045447,22,7,Chips,2,7.05,14.1
8161,2024-01-13 14:55:57.045447,44,9,Butter,3,9.36,28.08
4438,2023-08-04 14:55:57.045447,55,8,Soda,6,6.71,40.26
1560,2023-11-22 14:55:57.045447,22,7,Chips,8,3.74,29.92
2872,2023-12-03 14:55:57.045447,37,5,Eggs,10,9.34,93.4
9431,2023-12-24 14:55:57.045447,99,9,Butter,6,2.92,17.52
7966,2024-04-09 14:55:57.045447,38,7,Chips,10,1.01,10.1
8414,2024-02-14 14:55:57.045447,62,9,Butter,6,7.3,43.8
7870,2023-10-04 14:55:57.045447,39,2,Banana,8,4.08,32.64
8211,2023-07-17 14:55:57.045447,71,1,Apple,6,4.63,27.78
8736,2023-12-04 14:55:57.045447,47,2,Banana,6,8.07,48.42
7692,2024-06-12 14:55:57.045447,19,7,Chips,10,8.76,87.6
7959,2024-02-18 14:55:57.045447,57,2,Banana,7,4.06,28.42
1843,2023-11-19 14:55:57.046453,69,5,Eggs,1,4.04,4.04
5348,2024-01-07 14:55:57.046453,95,6,Cereal,9,4.97,44.73
6861,2024-04-26 14:55:57.046453,24,6,Cereal,10,6.01,60.1
1646,2024-05-09 14:55:57.046453,3,6,Cereal,4,7.11,28.44
7823,2024-03-24 14:55:57.046453,65,3,Milk,8,3.31,26.48
9790,2024-03-31 14:55:57.046453,59,2,Banana,5,5.43,27.15
2359,2024-04-05 14:55:57.046453,56,8,Soda,10,1.28,12.8
1622,2024-03-06 14:55:57.046453,42,4,Bread,6,6.28,37.68
3158,2024-02-09 14:55:57.046453,97,5,Eggs,2,5.42,10.84
6197,2023-07-31 14:55:57.046453,61,3,Milk,3,8.05,24.15
6303,2024-02-06 14:55:57.046453,85,1,Apple,10,4.48,44.8
4430,2024-03-19 14:55:57.046453,41,6,Cereal,4,1.49,5.96
8781,2023-12-05 14:55:57.046453,64,5,Eggs,9,2.26,20.34
2769,2024-06-20 14:55:57.046453,78,4,Bread,9,9.75,87.75
5327,2024-01-13 14:55:57.046453,4,7,Chips,1,3.98,3.98
6283,2024-03-06 14:55:57.046453,18,4,Bread,10,2.92,29.2
2140,2023-09-19 14:55:57.046453,29,8,Soda,6,9.43,56.58
7573,2023-12-06 14:55:57.046453,43,9,Butter,1,5.16,5.16
7065,2024-05-03 14:55:57.047452,16,7,Chips,3,8.51,25.53
3643,2024-05-06 14:55:57.047452,79,3,Milk,4,5.17,20.68
2393,2023-12-04 14:55:57.047452,10,2,Banana,6,8.5,51.0
8725,2024-05-16 14:55:57.047452,95,2,Banana,3,8.51,25.53
3021,2023-12-31 14:55:57.047452,30,1,Apple,6,6.02,36.12
3152,2024-04-09 14:55:57.047452,85,2,Banana,8,4.34,34.72
8693,2024-02-24 14:55:57.047452,75,5,Eggs,1,8.64,8.64
4126,2023-09-15 14:55:57.047452,78,5,Eggs,7,7.03,49.21
8358,2024-03-08 14:55:57.047452,53,1,Apple,2,7.14,14.28
1930,2023-09-11 14:55:57.047452,75,1,Apple,9,6.54,58.86
7016,2023-09-04 14:55:57.047452,98,5,Eggs,10,1.41,14.1
3881,2023-09-27 14:55:57.047452,35,5,Eggs,5,4.79,23.95
8121,2024-05-09 14:55:57.047452,23,2,Banana,5,4.03,20.15
4449,2024-01-15 14:55:57.047452,82,1,Apple,1,4.97,4.97
9794,2024-06-14 14:55:57.047452,70,2,Banana,7,8.5,59.5
8622,2024-06-15 14:55:57.047452,28,4,Bread,7,6.81,47.67
9329,2024-04-10 14:55:57.047452,65,4,Bread,5,6.91,34.55
5541,2023-11-13 14:55:57.047452,59,6,Cereal,9,2.95,26.55
1380,2024-03-11 14:55:57.047452,72,9,Butter,2,9.33,18.66
6355,2023-10-17 14:55:57.047452,53,4,Bread,8,7.63,61.04
4057,2023-08-30 14:55:57.047452,32,8,Soda,7,5.73,40.11
4352,2023-06-26 14:55:57.047452,55,2,Banana,9,7.86,70.74
2015,2023-08-03 14:55:57.047452,66,1,Apple,8,5.3,42.4
6098,2023-08-31 14:55:57.047452,4,2,Banana,6,3.7,22.2
7338,2023-12-30 14:55:57.047452,24,2,Banana,2,1.04,2.08
8492,2023-12-04 14:55:57.047452,40,1,Apple,2,7.8,15.6
6870,2024-01-08 14:55:57.047452,75,5,Eggs,3,1.71,5.13
4161,2023-07-22 14:55:57.047452,80,3,Milk,3,9.39,28.17
9927,2023-09-09 14:55:57.047452,42,7,Chips,2,9.7,19.4
3221,2024-04-16 14:55:57.048445,4,7,Chips,1,3.85,3.85
3301,2023-11-25 14:55:57.048445,81,8,Soda,1,3.29,3.29
8794,2023-09-03 14:55:57.048445,98,9,Butter,6,4.72,28.32
2004,2023-09-10 14:55:57.048445,80,9,Butter,2,9.1,18.2
9652,2024-06-17 14:55:57.048445,70,4,Bread,8,5.9,47.2
6469,2023-09-30 14:55:57.048445,8,5,Eggs,4,3.83,15.32
1474,2023-12-20 14:55:57.048445,38,6,Cereal,10,1.49,14.9
6855,2023-12-01 14:55:57.048445,40,7,Chips,6,6.72,40.32
8227,2023-10-28 14:55:57.048445,31,3,Milk,1,3.55,3.55
3776,2023-06-26 14:55:57.048445,77,5,Eggs,4,2.09,8.36
7591,2023-09-24 14:55:57.048445,33,8,Soda,5,1.51,7.55
2950,2024-04-09 14:55:57.048445,42,7,Chips,5,9.82,49.1
8516,2023-09-14 14:55:57.048445,78,7,Chips,2,9.88,19.76
8571,2023-12-06 14:55:57.048445,28,8,Soda,8,8.86,70.88
2940,2024-05-12 14:55:57.048445,23,5,Eggs,3,3.2,9.6
5540,2023-08-01 14:55:57.048445,35,9,Butter,5,6.58,32.9
9863,2023-08-13 14:55:57.048445,32,5,Eggs,7,7.55,52.85
5979,2023-09-27 14:55:57.049451,12,1,Apple,10,2.38,23.8
3150,2023-08-23 14:55:57.049451,33,2,Banana,4,8.38,33.52
8287,2024-06-14 14:55:57.049451,9,9,Butter,1,4.76,4.76
2000,2023-07-07 14:55:57.049451,28,5,Eggs,10,5.16,51.6
6212,2023-08-05 14:55:57.049451,40,5,Eggs,2,3.19,6.38
4853,2024-05-19 14:55:57.049451,22,2,Banana,1,9.54,9.54
2855,2023-07-29 14:55:57.049451,15,2,Banana,3,2.34,7.02
5521,2023-08-15 14:55:57.049451,27,5,Eggs,7,5.61,39.27
3296,2024-02-19 14:55:57.049451,91,3,Milk,1,7.56,7.56
6997,2023-09-19 14:55:57.049451,99,2,Banana,1,3.44,3.44
7616,2023-10-05 14:55:57.049451,1,6,Cereal,3,6.96,20.88
6334,2024-05-24 14:55:57.049451,88,7,Chips,8,9.43,75.44
4578,2023-09-19 14:55:57.049451,51,3,Milk,5,6.57,32.85
4093,2024-06-10 14:55:57.049451,18,4,Bread,9,7.35,66.15
8893,2024-02-12 14:55:57.050450,100,2,Banana,5,9.23,46.15
8166,2024-03-27 14:55:57.050450,65,3,Milk,7,1.19,8.33
5918,2024-05-21 14:55:57.050450,4,1,Apple,7,7.39,51.73
9597,2023-11-25 14:55:57.050450,89,6,Cereal,10,9.85,98.5
9847,2023-12-31 14:55:57.050450,44,1,Apple,3,4.19,12.57
1941,2024-01-18 14:55:57.050450,24,1,Apple,7,9.48,66.36
7105,2023-12-04 14:55:57.050450,5,1,Apple,1,1.92,1.92
2038,2024-06-18 14:55:57.050450,77,4,Bread,7,8.6,60.2
1704,2024-02-06 14:55:57.050450,30,3,Milk,8,1.28,10.24
1009,2024-01-26 14:55:57.050450,81,8,Soda,2,5.03,10.06
4362,2024-06-20 14:55:57.050450,62,4,Bread,2,2.9,5.8
8217,2023-07-17 14:55:57.050450,80,4,Bread,6,4.51,27.06
9509,2023-12-24 14:55:57.050450,2,1,Apple,3,8.82,26.46
5079,2023-11-21 14:55:57.050450,15,2,Banana,3,3.65,10.95
6628,2023-11-14 14:55:57.050450,14,8,Soda,6,8.51,51.06
1705,2023-11-23 14:55:57.050450,96,5,Eggs,9,1.48,13.32
1737,2023-07-26 14:55:57.050450,64,4,Bread,3,6.63,19.89
5090,2023-11-25 14:55:57.050450,75,2,Banana,3,6.13,18.39
2362,2024-04-28 14:55:57.051450,4,3,Milk,7,6.25,43.75
1322,2023-10-11 14:55:57.051450,35,1,Apple,7,3.76,26.32
2744,2024-05-01 14:55:57.051450,25,2,Banana,3,5.82,17.46
8803,2023-11-06 14:55:57.051450,26,3,Milk,4,6.14,24.56
5882,2023-12-01 14:55:57.051450,99,3,Milk,2,6.91,13.82
3529,2023-07-16 14:55:57.051450,79,8,Soda,1,6.72,6.72
6625,2024-02-06 14:55:57.051450,83,8,Soda,5,6.96,34.8
4143,2024-02-15 14:55:57.051450,60,9,Butter,5,9.02,45.1
6625,2023-09-02 14:55:57.051450,44,9,Butter,6,5.98,35.88
6822,2024-05-07 14:55:57.051450,13,5,Eggs,6,4.49,26.94
9816,2023-08-10 14:55:57.051450,22,3,Milk,9,9.05,81.45
5826,2023-11-15 14:55:57.051450,12,3,Milk,4,7.4,29.6
9742,2023-09-28 14:55:57.051450,55,3,Milk,1,4.05,4.05
7061,2024-02-16 14:55:57.051450,43,1,Apple,9,5.42,48.78
4563,2024-05-10 14:55:57.051450,26,8,Soda,8,9.41,75.28
1901,2023-11-20 14:55:57.051450,65,8,Soda,4,7.91,31.64
2352,2024-05-13 14:55:57.051450,17,3,Milk,4,3.38,13.52
8222,2024-01-01 14:55:57.052449,36,4,Bread,8,1.51,12.08
7349,2023-09-20 14:55:57.052449,95,3,Milk,8,3.21,25.68
1250,2024-01-02 14:55:57.052449,19,5,Eggs,8,3.33,26.64
9725,2024-03-05 14:55:57.052449,27,4,Bread,6,4.6,27.6
8516,2024-06-14 14:55:57.052449,24,6,Cereal,1,9.49,9.49
9262,2023-12-26 14:55:57.052449,89,1,Apple,10,5.77,57.7
4389,2024-03-31 14:55:57.052449,48,4,Bread,6,2.98,17.88
6946,2024-01-28 14:55:57.052449,90,8,Soda,1,3.64,3.64
1256,2024-03-23 14:55:57.052449,80,5,Eggs,2,8.92,17.84
8316,2024-01-05 14:55:57.052449,14,5,Eggs,5,9.39,46.95
8724,2023-12-21 14:55:57.052449,38,1,Apple,9,4.17,37.53
1211,2024-05-05 14:55:57.053453,27,4,Bread,4,7.51,30.04
6204,2023-09-11 14:55:57.053453,52,6,Cereal,8,7.36,58.88
5514,2024-03-22 14:55:57.053453,14,3,Milk,10,7.14,71.4
1286,2024-02-23 14:55:57.053453,61,7,Chips,7,5.95,41.65
6679,2024-02-01 14:55:57.053453,95,7,Chips,8,4.37,34.96
1175,2023-12-08 14:55:57.053453,31,6,Cereal,7,2.29,16.03
6100,2023-12-20 14:55:57.053453,36,2,Banana,7,6.22,43.54
6745,2023-10-01 14:55:57.053453,77,5,Eggs,4,6.68,26.72
8396,2024-06-18 14:55:57.053453,6,9,Butter,4,9.04,36.16
4514,2024-03-08 14:55:57.053453,41,5,Eggs,8,4.56,36.48
5462,2023-09-08 14:55:57.053453,29,3,Milk,10,5.67,56.7
9238,2024-05-12 14:55:57.053453,35,2,Banana,7,7.33,51.31
4113,2023-08-28 14:55:57.053453,3,9,Butter,4,6.07,24.28
6156,2024-02-19 14:55:57.053453,74,4,Bread,7,7.57,52.99
5784,2024-04-27 14:55:57.053453,67,2,Banana,7,6.67,46.69
1146,2023-09-25 14:55:57.053453,82,5,Eggs,7,1.32,9.24
1578,2024-05-15 14:55:57.053453,41,2,Banana,8,9.69,77.52
2826,2024-06-21 14:55:57.054449,1,2,Banana,4,6.48,25.92
1308,2024-06-01 14:55:57.054449,90,7,Chips,9,4.35,39.15
9849,2024-04-25 14:55:57.054449,55,4,Bread,8,3.32,26.56
8996,2023-07-23 14:55:57.054449,75,1,Apple,4,9.04,36.16
9914,2024-04-29 14:55:57.054449,6,2,Banana,6,5.44,32.64
4333,2023-12-15 14:55:57.054449,92,8,Soda,4,4.72,18.88
5625,2023-09-12 14:55:57.054449,59,3,Milk,10,4.51,45.1
7059,2024-05-09 14:55:57.054449,2,4,Bread,5,6.99,34.95
9147,2024-05-22 14:55:57.054449,83,9,Butter,6,2.89,17.34
8078,2024-04-12 14:55:57.054449,28,1,Apple,5,2.99,14.95
4518,2023-08-30 14:55:57.054449,19,1,Apple,2,7.81,15.62
5724,2023-08-08 14:55:57.054449,77,5,Eggs,9,9.39,84.51
4354,2023-12-17 14:55:57.054449,18,3,Milk,6,8.8,52.8
9887,2023-08-27 14:55:57.054449,47,8,Soda,7,2.83,19.81
1869,2024-01-26 14:55:57.055449,59,8,Soda,2,2.65,5.3
6350,2023-12-15 14:55:57.055449,4,2,Banana,1,9.91,9.91
4707,2023-09-25 14:55:57.055449,97,2,Banana,2,8.82,17.64
7965,2023-09-06 14:55:57.055449,65,1,Apple,3,2.37,7.11
9278,2024-03-16 14:55:57.055449,60,1,Apple,3,4.89,14.67
5582,2024-05-29 14:55:57.055449,35,9,Butter,6,7.34,44.04
4242,2023-11-19 14:55:57.055449,46,2,Banana,10,6.34,63.4
8477,2024-03-08 14:55:57.055449,45,3,Milk,3,7.95,23.85
6996,2024-03-26 14:55:57.055449,96,2,Banana,6,3.87,23.22
5435,2024-05-24 14:55:57.055449,70,1,Apple,9,5.61,50.49
5283,2023-06-26 14:55:57.055449,49,3,Milk,2,8.02,16.04
3814,2024-03-10 14:55:57.055449,96,9,Butter,2,3.87,7.74
3765,2024-02-17 14:55:57.055449,87,3,Milk,6,4.85,29.1
8190,2024-05-18 14:55:57.055449,14,9,Butter,2,7.98,15.96
5445,2023-10-10 14:55:57.055449,26,5,Eggs,9,9.03,81.27
3431,2024-06-21 14:55:57.055449,36,5,Eggs,5,9.81,49.05
5875,2023-08-19 14:55:57.055449,64,7,Chips,9,6.65,59.85
1653,2024-05-25 14:55:57.055449,22,3,Milk,2,1.53,3.06
7176,2024-05-13 14:55:57.055449,66,4,Bread,6,2.42,14.52
3277,2023-11-19 14:55:57.056455,43,5,Eggs,6,9.01,54.06
6723,2024-01-03 14:55:57.056455,33,9,Butter,9,3.99,35.91
2122,2024-03-09 14:55:57.056455,69,6,Cereal,9,6.37,57.33
3012,2023-11-19 14:55:57.056455,35,1,Apple,1,5.8,5.8
1141,2024-02-25 14:55:57.056455,81,6,Cereal,9,1.51,13.59
4675,2023-11-23 14:55:57.056455,49,7,Chips,7,7.22,50.54
9086,2023-09-09 14:55:57.056455,65,4,Bread,10,8.37,83.7
7451,2024-04-30 14:55:57.056455,16,5,Eggs,5,9.93,49.65
6521,2024-02-21 14:55:57.056455,8,3,Milk,1,7.05,7.05
1069,2024-02-24 14:55:57.056455,52,6,Cereal,2,8.45,16.9
2465,2024-03-10 14:55:57.056455,62,4,Bread,3,1.49,4.47
8445,2024-01-30 14:55:57.056455,21,5,Eggs,2,5.8,11.6
7223,2024-04-12 14:55:57.056455,21,1,Apple,9,1.34,12.06
1703,2023-12-16 14:55:57.056455,64,4,Bread,3,1.4,4.2
8796,2023-11-26 14:55:57.056455,11,4,Bread,10,6.38,63.8
9850,2024-02-14 14:55:57.056455,15,2,Banana,9,7.8,70.2
8409,2024-01-09 14:55:57.056455,78,8,Soda,10,7.15,71.5
1110,2023-12-04 14:55:57.056455,37,6,Cereal,9,2.92,26.28
9677,2024-04-16 14:55:57.056455,69,1,Apple,1,6.39,6.39
5793,2024-02-25 14:55:57.057444,96,2,Banana,3,7.53,22.59
2361,2024-04-03 14:55:57.057444,42,6,Cereal,7,9.95,69.65
4368,2024-05-28 14:55:57.057444,74,2,Banana,2,3.74,7.48
1167,2023-12-24 14:55:57.057444,77,2,Banana,9,5.76,51.84
6597,2024-03-13 14:55:57.057444,41,2,Banana,1,9.7,9.7
5895,2024-03-13 14:55:57.057444,78,5,Eggs,6,7.06,42.36
5821,2024-03-04 14:55:57.057444,91,3,Milk,9,1.39,12.51
2375,2023-07-30 14:55:57.057444,43,4,Bread,6,8.56,51.36
6525,2023-07-06 14:55:57.057444,54,6,Cereal,6,6.74,40.44
3433,2024-05-15 14:55:57.057444,2,4,Bread,10,3.91,39.1
3002,2024-04-12 14:55:57.057444,78,8,Soda,5,4.97,24.85
7733,2023-12-03 14:55:57.057444,41,5,Eggs,1,9.68,9.68
4301,2024-03-16 14:55:57.057444,84,6,Cereal,2,7.03,14.06
7013,2023-09-19 14:55:57.057444,53,1,Apple,4,6.99,27.96
7933,2024-06-13 14:55:57.057444,37,3,Milk,4,3.6,14.4
9154,2023-07-27 14:55:57.057444,4,6,Cereal,10,7.9,79.0
8515,2023-08-10 14:55:57.057444,49,3,Milk,8,9.73,77.84
8428,2023-08-19 14:55:57.057444,33,5,Eggs,4,1.31,5.24
9344,2024-04-08 14:55:57.057444,82,8,Soda,8,3.82,30.56
4901,2023-11-24 14:55:57.057444,68,8,Soda,7,3.63,25.41
1122,2024-06-03 14:55:57.058452,50,9,Butter,4,6.63,26.52
1371,2024-06-16 14:55:57.058452,50,8,Soda,3,1.2,3.6
5799,2023-07-31 14:55:57.058452,85,9,Butter,3,1.28,3.84
5757,2023-12-13 14:55:57.058452,8,3,Milk,3,2.02,6.06
2308,2023-12-25 14:55:57.058452,100,9,Butter,10,2.79,27.9
2763,2023-08-28 14:55:57.058452,75,3,Milk,3,8.83,26.49
9663,2024-02-01 14:55:57.058452,31,2,Banana,5,4.36,21.8
5486,2023-09-20 14:55:57.058452,83,4,Bread,1,3.91,3.91
6378,2024-02-27 14:55:57.058452,36,6,Cereal,3,2.75,8.25
4303,2023-08-28 14:55:57.058452,33,1,Apple,8,5.3,42.4
9800,2023-06-27 14:55:57.058452,45,1,Apple,8,9.06,72.48
3932,2023-10-29 14:55:57.058452,93,4,Bread,4,4.95,19.8
4578,2024-05-13 14:55:57.058452,50,6,Cereal,4,8.67,34.68
1469,2023-09-14 14:55:57.058452,2,6,Cereal,10,4.78,47.8
4910,2023-12-06 14:55:57.058452,79,3,Milk,3,8.17,24.51
1576,2023-09-24 14:55:57.058452,15,1,Apple,1,9.97,9.97
3115,2023-10-13 14:55:57.058452,61,7,Chips,4,3.58,14.32
4991,2023-10-01 14:55:57.058452,30,1,Apple,9,3.38,30.42
4010,2024-06-06 14:55:57.059453,40,5,Eggs,8,5.11,40.88
3539,2024-01-17 14:55:57.059453,99,6,Cereal,10,6.41,64.1
8454,2024-05-08 14:55:57.059453,73,2,Banana,7,9.58,67.06
3506,2024-04-08 14:55:57.059453,99,7,Chips,6,7.69,46.14
3348,2024-06-07 14:55:57.059453,20,4,Bread,3,3.4,10.2
3406,2024-01-08 14:55:57.059453,49,3,Milk,6,1.71,10.26
8310,2024-02-22 14:55:57.059453,47,7,Chips,4,8.13,32.52
2522,2024-02-19 14:55:57.059453,2,4,Bread,5,8.58,42.9
1315,2024-03-12 14:55:57.059453,60,1,Apple,9,6.86,61.74
7170,2023-09-20 14:55:57.059453,93,3,Milk,7,2.66,18.62
4394,2024-06-17 14:55:57.059453,77,1,Apple,9,4.1,36.9
6275,2024-02-22 14:55:57.059453,16,7,Chips,9,4.03,36.27
9259,2024-06-02 14:55:57.059453,60,1,Apple,7,1.0,7.0
7370,2024-01-25 14:55:57.059453,92,8,Soda,6,8.01,48.06
5252,2023-07-07 14:55:57.059453,75,8,Soda,1,7.54,7.54
4091,2023-07-30 14:55:57.059453,60,8,Soda,8,6.17,49.36
7319,2023-10-27 14:55:57.059453,70,1,Apple,3,3.41,10.23
2696,2023-11-27 14:55:57.059453,36,2,Banana,4,6.46,25.84
2154,2023-12-22 14:55:57.059453,12,9,Butter,10,2.25,22.5
4070,2024-01-21 14:55:57.059453,74,1,Apple,2,8.73,17.46
8786,2024-03-05 14:55:57.059453,48,2,Banana,6,3.03,18.18
4735,2023-08-15 14:55:57.059453,54,4,Bread,5,8.79,43.95
5155,2023-10-05 14:55:57.059453,69,8,Soda,10,5.16,51.6
4233,2023-10-16 14:55:57.059453,18,9,Butter,4,3.12,12.48
4331,2023-08-20 14:55:57.060448,68,4,Bread,6,1.26,7.56
7425,2023-08-21 14:55:57.060448,9,8,Soda,7,3.42,23.94
6894,2024-03-09 14:55:57.060448,96,1,Apple,1,6.64,6.64
9547,2024-02-25 14:55:57.060448,11,2,Banana,5,7.63,38.15
1331,2024-05-10 14:55:57.060448,51,9,Butter,2,6.71,13.42
1260,2023-10-17 14:55:57.060448,12,1,Apple,9,6.18,55.62
5089,2023-08-16 14:55:57.060448,15,9,Butter,8,2.14,17.12
1425,2023-07-24 14:55:57.060448,77,8,Soda,10,8.98,89.8
6972,2024-01-05 14:55:57.060448,68,5,Eggs,8,4.32,34.56
1785,2024-04-30 14:55:57.060448,8,6,Cereal,2,9.48,18.96
5663,2023-12-06 14:55:57.060448,91,6,Cereal,5,1.15,5.75
3886,2024-05-06 14:55:57.060448,47,6,Cereal,9,4.51,40.59
5636,2024-02-20 14:55:57.060448,70,5,Eggs,4,6.18,24.72
5792,2024-03-06 14:55:57.060448,61,7,Chips,8,1.28,10.24
7294,2024-01-22 14:55:57.060448,54,5,Eggs,3,2.54,7.62
8869,2023-09-19 14:55:57.060448,58,7,Chips,3,2.84,8.52
2782,2023-11-21 14:55:57.060448,68,8,Soda,2,6.14,12.28
8642,2023-10-05 14:55:57.060448,54,4,Bread,10,5.79,57.9
7517,2024-01-31 14:55:57.060448,57,2,Banana,10,9.65,96.5
7287,2024-03-09 14:55:57.060448,49,8,Soda,10,4.64,46.4
9174,2024-05-29 14:55:57.060448,44,1,Apple,5,2.58,12.9
2438,2023-12-29 14:55:57.061451,53,1,Apple,7,7.01,49.07
2530,2023-08-05 14:55:57.061451,58,8,Soda,9,7.07,63.63
7970,2023-10-03 14:55:57.061451,29,8,Soda,2,9.92,19.84
1459,2023-07-02 14:55:57.061451,87,1,Apple,4,3.69,14.76
7547,2024-04-04 14:55:57.061451,43,1,Apple,1,4.6,4.6
4313,2023-11-06 14:55:57.061451,46,7,Chips,7,8.98,62.86
2165,2024-01-25 14:55:57.061451,76,1,Apple,5,8.72,43.6
7998,2023-11-29 14:55:57.061451,33,9,Butter,8,9.01,72.08
2407,2024-05-26 14:55:57.061451,68,7,Chips,4,8.39,33.56
9078,2023-06-30 14:55:57.061451,58,5,Eggs,10,3.18,31.8
2952,2024-01-07 14:55:57.061451,67,8,Soda,5,2.97,14.85
5512,2023-11-27 14:55:57.061451,63,9,Butter,2,3.96,7.92
5046,2024-03-20 14:55:57.061451,96,7,Chips,5,1.28,6.4
2186,2024-02-10 14:55:57.061451,79,4,Bread,2,7.4,14.8
3275,2024-03-22 14:55:57.062446,32,7,Chips,5,5.04,25.2
9220,2023-10-06 14:55:57.062446,20,6,Cereal,8,2.74,21.92
7973,2024-06-01 14:55:57.062446,61,9,Butter,1,4.85,4.85
2039,2024-03-19 14:55:57.062446,82,6,Cereal,6,4.75,28.5
9032,2024-05-31 14:55:57.062446,92,2,Banana,9,3.73,33.57
7566,2023-09-05 14:55:57.062446,33,1,Apple,10,6.35,63.5
1363,2023-10-20 14:55:57.062446,36,9,Butter,3,8.2,24.6
5254,2024-02-07 14:55:57.062446,33,4,Bread,5,3.62,18.1
7130,2023-11-13 14:55:57.062446,5,1,Apple,5,9.74,48.7
1914,2024-05-14 14:55:57.062446,39,1,Apple,8,3.59,28.72
7555,2024-02-19 14:55:57.062446,16,6,Cereal,4,7.56,30.24
1086,2023-10-12 14:55:57.062446,53,5,Eggs,4,7.23,28.92
3345,2024-01-09 14:55:57.062446,47,1,Apple,7,4.33,30.31
6959,2023-11-26 14:55:57.062446,76,2,Banana,8,5.04,40.32
8522,2023-10-13 14:55:57.062446,30,6,Cereal,8,8.56,68.48
9281,2024-03-09 14:55:57.062446,62,6,Cereal,5,1.8,9.0
9207,2023-08-11 14:55:57.062446,19,6,Cereal,10,5.85,58.5
2745,2024-05-24 14:55:57.062446,74,8,Soda,6,9.67,58.02
9666,2023-09-16 14:55:57.062446,78,2,Banana,7,4.66,32.62
8722,2024-03-07 14:55:57.062446,16,8,Soda,10,7.51,75.1
1030,2023-07-20 14:55:57.062446,23,2,Banana,3,2.41,7.23
2866,2024-03-26 14:55:57.062446,62,5,Eggs,8,4.99,39.92
1647,2023-09-22 14:55:57.062446,18,5,Eggs,7,1.26,8.82
9738,2024-04-24 14:55:57.062446,15,8,Soda,7,1.16,8.12
7481,2023-08-23 14:55:57.062446,89,7,Chips,1,9.7,9.7
6678,2024-05-26 14:55:57.062446,1,4,Bread,1,6.11,6.11
7228,2023-11-08 14:55:57.062446,87,4,Bread,10,8.2,82.0
7571,2023-11-30 14:55:57.062446,27,1,Apple,7,4.61,32.27
8754,2024-06-11 14:55:57.062446,22,9,Butter,7,7.44,52.08
5175,2023-08-09 14:55:57.062446,98,3,Milk,4,3.57,14.28
8853,2024-02-22 14:55:57.063450,42,1,Apple,6,2.16,12.96
8872,2024-06-17 14:55:57.063450,9,6,Cereal,10,8.12,81.2
7979,2023-10-13 14:55:57.063450,32,5,Eggs,6,7.4,44.4
3251,2024-01-08 14:55:57.063450,76,2,Banana,2,5.38,10.76
8199,2024-01-02 14:55:57.063450,39,1,Apple,4,2.99,11.96
6886,2024-04-20 14:55:57.063450,17,1,Apple,4,6.18,24.72
5144,2023-11-20 14:55:57.063450,78,3,Milk,3,4.28,12.84
7031,2023-07-16 14:55:57.063450,70,6,Cereal,2,6.22,12.44
5517,2023-10-30 14:55:57.063450,68,4,Bread,10,9.36,93.6
8602,2023-11-24 14:55:57.063450,45,8,Soda,2,4.94,9.88
4604,2023-08-31 14:55:57.063450,75,8,Soda,4,1.31,5.24
7591,2023-08-01 14:55:57.063450,47,5,Eggs,1,2.22,2.22
3429,2023-08-28 14:55:57.063450,85,1,Apple,9,1.61,14.49
7199,2023-07-08 14:55:57.063450,84,6,Cereal,9,8.6,77.4
1462,2023-10-22 14:55:57.063450,71,3,Milk,4,4.1,16.4
7563,2023-09-20 14:55:57.063450,98,6,Cereal,3,8.0,24.0
7250,2024-01-13 14:55:57.063450,74,1,Apple,7,5.74,40.18
9050,2023-07-02 14:55:57.063450,8,1,Apple,10,4.66,46.6
5025,2023-07-02 14:55:57.063450,20,4,Bread,6,4.08,24.48
4382,2024-04-11 14:55:57.063450,42,6,Cereal,5,2.99,14.95
3235,2023-11-19 14:55:57.063450,11,6,Cereal,2,2.57,5.14
5851,2024-05-31 14:55:57.063450,20,6,Cereal,7,5.33,37.31
4678,2023-10-11 14:55:57.063450,12,2,Banana,4,4.15,16.6
7294,2024-05-15 14:55:57.063450,94,6,Cereal,8,9.07,72.56
1512,2023-11-03 14:55:57.063450,79,9,Butter,7,6.05,42.35
6593,2024-05-02 14:55:57.063450,69,9,Butter,4,3.96,15.84
6496,2023-09-15 14:55:57.063450,21,3,Milk,3,3.14,9.42
1175,2024-01-21 14:55:57.063450,38,6,Cereal,10,7.69,76.9
4945,2024-05-17 14:55:57.063450,37,3,Milk,10,3.2,32.0
8000,2023-12-13 14:55:57.063450,67,5,Eggs,8,6.16,49.28
2099,2024-04-24 14:55:57.063450,10,9,Butter,6,5.38,32.28
1467,2023-10-24 14:55:57.064450,71,8,Soda,9,8.99,80.91
3447,2023-07-17 14:55:57.064450,40,1,Apple,2,3.76,7.52
9642,2024-03-20 14:55:57.064450,69,1,Apple,2,1.9,3.8
2286,2023-07-02 14:55:57.064450,67,5,Eggs,1,2.97,2.97
5059,2023-10-22 14:55:57.064450,38,8,Soda,2,3.5,7.0
3120,2023-10-15 14:55:57.064450,27,8,Soda,6,8.06,48.36
3101,2023-12-29 14:55:57.064450,39,6,Cereal,6,1.05,6.3
1297,2024-06-02 14:55:57.064450,98,5,Eggs,2,2.98,5.96
9948,2023-08-12 14:55:57.064450,7,8,Soda,2,3.25,6.5
7536,2023-08-07 14:55:57.064450,1,5,Eggs,5,1.28,6.4
7493,2023-11-08 14:55:57.064450,75,5,Eggs,3,2.75,8.25
9901,2023-11-11 14:55:57.064450,62,6,Cereal,1,9.36,9.36
9919,2024-03-07 14:55:57.064450,15,5,Eggs,5,5.93,29.65
4024,2023-12-04 14:55:57.064450,56,4,Bread,9,5.4,48.6
9712,2024-02-24 14:55:57.064450,30,4,Bread,10,1.77,17.7
3661,2023-12-22 14:55:57.064450,84,8,Soda,3,7.87,23.61
8328,2024-05-27 14:55:57.064450,57,9,Butter,4,5.39,21.56
3274,2024-05-19 14:55:57.064450,11,4,Bread,6,1.24,7.44
4024,2024-05-06 14:55:57.064450,16,3,Milk,6,1.29,7.74
3108,2024-04-08 14:55:57.064450,13,8,Soda,8,3.71,29.68
8063,2024-05-14 14:55:57.064450,61,5,Eggs,6,6.06,36.36
2600,2024-05-09 14:55:57.064450,4,4,Bread,5,4.65,23.25
3869,2023-07-07 14:55:57.064450,94,3,Milk,3,8.85,26.55
1937,2023-11-06 14:55:57.064450,41,1,Apple,6,2.46,14.76
6443,2024-05-15 14:55:57.064450,71,4,Bread,6,7.17,43.02
7790,2023-12-14 14:55:57.064450,9,9,Butter,6,4.59,27.54
6204,2023-11-15 14:55:57.064450,56,5,Eggs,7,5.16,36.12
3995,2023-09-22 14:55:57.064450,98,9,Butter,1,6.86,6.86
2241,2024-05-30 14:55:57.064450,97,9,Butter,1,2.59,2.59
1049,2024-03-22 14:55:57.065449,35,1,Apple,8,6.25,50.0
2126,2024-06-21 14:55:57.065449,36,6,Cereal,8,6.43,51.44
4570,2023-10-13 14:55:57.065449,38,1,Apple,7,8.76,61.32
9030,2023-09-27 14:55:57.065449,5,2,Banana,10,4.14,41.4
3265,2024-05-13 14:55:57.065449,9,6,Cereal,1,8.56,8.56
4387,2024-06-13 14:55:57.065449,37,8,Soda,5,6.1,30.5
9220,2024-06-06 14:55:57.065449,52,1,Apple,4,6.78,27.12
9990,2023-11-16 14:55:57.065449,38,7,Chips,9,3.66,32.94
5902,2024-05-26 14:55:57.065449,43,4,Bread,7,3.23,22.61
4098,2024-03-02 14:55:57.065449,36,2,Banana,9,1.65,14.85
4928,2023-12-29 14:55:57.065449,52,9,Butter,8,4.27,34.16
9310,2024-06-18 14:55:57.065449,96,9,Butter,10,7.45,74.5
3290,2024-05-17 14:55:57.065449,25,7,Chips,10,4.67,46.7
4638,2023-12-05 14:55:57.065449,82,1,Apple,5,6.75,33.75
5638,2023-12-05 14:55:57.065449,46,9,Butter,5,3.39,16.95
5757,2024-01-14 14:55:57.065449,34,9,Butter,4,1.45,5.8
7493,2023-09-21 14:55:57.065449,35,3,Milk,1,8.57,8.57
6956,2023-07-23 14:55:57.065449,75,7,Chips,5,5.33,26.65
2630,2023-08-12 14:55:57.065449,1,1,Apple,9,5.79,52.11
2512,2023-12-14 14:55:57.065449,40,8,Soda,3,2.78,8.34
2407,2023-12-08 14:55:57.065449,52,3,Milk,6,6.17,37.02
3415,2024-01-13 14:55:57.065449,35,1,Apple,1,1.66,1.66
6684,2024-02-26 14:55:57.065449,30,6,Cereal,6,7.51,45.06
6959,2024-04-21 14:55:57.065449,43,5,Eggs,5,3.52,17.6
2597,2024-04-05 14:55:57.065449,55,5,Eggs,6,3.34,20.04
5246,2023-09-29 14:55:57.065449,12,4,Bread,8,1.91,15.28
9639,2023-12-26 14:55:57.065449,33,9,Butter,9,4.1,36.9
9781,2024-03-19 14:55:57.065449,46,1,Apple,6,5.36,32.16
2625,2024-02-08 14:55:57.065449,46,5,Eggs,2,5.57,11.14
5988,2023-07-04 14:55:57.066452,62,9,Butter,4,5.73,22.92
5606,2024-05-02 14:55:57.066452,31,1,Apple,4,1.97,7.88
5812,2024-04-21 14:55:57.066452,60,6,Cereal,8,6.53,52.24
6414,2023-11-27 14:55:57.066452,42,1,Apple,8,8.5,68.0
5314,2024-05-18 14:55:57.066452,56,8,Soda,7,8.11,56.77
2499,2023-08-08 14:55:57.066452,83,3,Milk,7,9.5,66.5
1024,2023-11-01 14:55:57.066452,99,6,Cereal,9,1.46,13.14
4814,2023-09-04 14:55:57.066452,99,8,Soda,5,3.95,19.75
3106,2023-09-08 14:55:57.066452,1,7,Chips,3,8.29,24.87
1541,2023-08-30 14:55:57.066452,60,3,Milk,1,2.1,2.1
7091,2024-03-15 14:55:57.066452,60,1,Apple,10,8.43,84.3
6787,2023-07-14 14:55:57.066452,34,4,Bread,3,8.51,25.53
4069,2023-07-19 14:55:57.066452,13,9,Butter,3,3.98,11.94
9136,2024-02-21 14:55:57.066452,100,7,Chips,3,6.96,20.88
8208,2024-02-17 14:55:57.066452,4,6,Cereal,9,7.27,65.43
1009,2024-01-26 14:55:57.066452,67,1,Apple,7,3.72,26.04
4074,2024-02-10 14:55:57.066452,19,9,Butter,7,5.1,35.7
2013,2024-01-08 14:55:57.066452,31,7,Chips,2,3.95,7.9
3081,2024-04-09 14:55:57.066452,21,8,Soda,9,3.11,27.99
6087,2023-07-13 14:55:57.066452,31,6,Cereal,2,7.98,15.96
9806,2024-04-05 14:55:57.066452,41,4,Bread,9,6.41,57.69
2836,2023-07-23 14:55:57.067446,79,4,Bread,3,8.19,24.57
6652,2024-02-08 14:55:57.067446,60,9,Butter,6,5.84,35.04
9890,2024-02-25 14:55:57.067446,5,8,Soda,10,9.26,92.6
9944,2023-06-29 14:55:57.067446,91,5,Eggs,7,7.83,54.81
1482,2023-12-24 14:55:57.067446,2,8,Soda,5,7.66,38.3
6604,2024-03-06 14:55:57.067446,39,4,Bread,6,3.83,22.98
7673,2023-12-19 14:55:57.067446,80,1,Apple,6,7.06,42.36
6153,2023-11-09 14:55:57.067446,18,2,Banana,1,5.91,5.91
4613,2023-12-09 14:55:57.067446,44,2,Banana,2,9.23,18.46
7851,2023-11-15 14:55:57.067446,7,8,Soda,4,9.52,38.08
5552,2024-04-09 14:55:57.067446,70,2,Banana,3,3.46,10.38
4638,2024-01-04 14:55:57.067446,43,8,Soda,9,2.98,26.82
5323,2024-05-31 14:55:57.067446,38,2,Banana,6,5.41,32.46
9840,2024-06-19 14:55:57.067446,50,2,Banana,6,3.97,23.82
6523,2024-06-02 14:55:57.067446,99,7,Chips,1,1.32,1.32
2906,2023-08-15 14:55:57.067446,53,4,Bread,8,8.75,70.0
5068,2024-03-03 14:55:57.067446,20,4,Bread,3,1.24,3.72
9134,2023-11-26 14:55:57.067446,92,4,Bread,3,7.01,21.03
3803,2024-02-10 14:55:57.067446,84,2,Banana,6,1.41,8.46
4368,2023-08-27 14:55:57.067446,6,8,Soda,9,9.97,89.73
8113,2023-09-25 14:55:57.067446,83,9,Butter,4,2.58,10.32
1644,2023-11-08 14:55:57.067446,7,4,Bread,3,1.11,3.33
7428,2024-02-29 14:55:57.067446,95,3,Milk,7,2.54,17.78
1609,2024-05-12 14:55:57.067446,2,5,Eggs,4,6.65,26.6
8671,2023-12-18 14:55:57.067446,38,4,Bread,4,2.16,8.64
9763,2023-06-27 14:55:57.067446,78,5,Eggs,3,7.4,22.2
3324,2023-08-29 14:55:57.067446,32,7,Chips,9,5.1,45.9
6064,2024-05-17 14:55:57.067446,67,8,Soda,2,2.09,4.18
3836,2023-08-25 14:55:57.067446,74,1,Apple,4,8.29,33.16
2865,2024-06-19 14:55:57.067446,34,7,Chips,8,2.28,18.24
7925,2024-06-07 14:55:57.067446,40,2,Banana,3,8.18,24.54
8808,2023-11-06 14:55:57.067446,29,3,Milk,10,5.75,57.5
2572,2023-08-14 14:55:57.067446,32,9,Butter,9,3.36,30.24
2907,2024-03-29 14:55:57.068447,26,2,Banana,8,1.15,9.2
2933,2023-11-21 14:55:57.068447,16,4,Bread,7,4.61,32.27
5212,2023-07-05 14:55:57.068447,17,7,Chips,7,1.31,9.17
1525,2024-04-16 14:55:57.068447,59,6,Cereal,6,6.98,41.88
4405,2023-11-09 14:55:57.068447,24,1,Apple,10,9.19,91.9
5664,2024-01-25 14:55:57.068447,41,6,Cereal,4,4.98,19.92
3540,2024-02-13 14:55:57.068447,90,6,Cereal,4,7.13,28.52
6817,2023-09-12 14:55:57.068447,28,8,Soda,8,7.43,59.44
8420,2023-11-20 14:55:57.068447,54,9,Butter,9,9.91,89.19
1711,2023-07-05 14:55:57.068447,50,9,Butter,3,4.54,13.62
4121,2024-04-22 14:55:57.068447,62,9,Butter,6,7.39,44.34
9717,2024-01-22 14:55:57.068447,57,9,Butter,3,7.15,21.45
4670,2023-10-23 14:55:57.068447,71,5,Eggs,6,7.52,45.12
7904,2023-09-08 14:55:57.068447,15,6,Cereal,6,5.84,35.04
1372,2024-05-23 14:55:57.068447,88,7,Chips,3,8.21,24.63
4891,2024-05-17 14:55:57.068447,9,9,Butter,6,9.94,59.64
8969,2023-10-18 14:55:57.068447,59,1,Apple,6,3.93,23.58
2987,2023-08-19 14:55:57.068447,42,6,Cereal,10,5.3,53.0
2165,2024-02-03 14:55:57.068447,9,9,Butter,8,3.73,29.84
1902,2024-02-04 14:55:57.068447,29,3,Milk,8,2.93,23.44
7189,2024-02-18 14:55:57.068447,36,3,Milk,10,1.58,15.8
2898,2023-12-12 14:55:57.068447,46,6,Cereal,2,9.13,18.26
9242,2024-01-18 14:55:57.068447,18,8,Soda,6,1.59,9.54
6831,2024-05-09 14:55:57.068447,59,8,Soda,5,7.04,35.2
9743,2023-10-28 14:55:57.068447,88,2,Banana,1,5.42,5.42
3308,2023-10-06 14:55:57.068447,70,2,Banana,2,6.7,13.4
5804,2024-05-03 14:55:57.068447,91,1,Apple,9,8.14,73.26
1222,2024-05-15 14:55:57.069449,38,2,Banana,8,6.73,53.84
6429,2023-12-16 14:55:57.069449,35,5,Eggs,9,2.58,23.22
1098,2024-03-04 14:55:57.069449,49,2,Banana,7,8.22,57.54
5599,2023-09-19 14:55:57.069449,44,9,Butter,10,9.77,97.7
6445,2023-08-31 14:55:57.069449,47,3,Milk,7,2.22,15.54
4944,2024-01-21 14:55:57.069449,89,6,Cereal,7,1.46,10.22
5824,2024-06-04 14:55:57.069449,76,5,Eggs,9,4.95,44.55
5585,2024-01-06 14:55:57.069449,83,4,Bread,8,5.99,47.92
2982,2024-02-01 14:55:57.069449,33,6,Cereal,1,1.46,1.46
7576,2023-06-29 14:55:57.069449,46,7,Chips,6,2.2,13.2
4026,2024-03-20 14:55:57.069449,49,5,Eggs,8,4.27,34.16
4206,2024-01-21 14:55:57.069449,62,7,Chips,2,6.71,13.42
9440,2024-04-08 14:55:57.069449,77,4,Bread,4,4.26,17.04
6276,2024-03-21 14:55:57.069449,22,9,Butter,6,4.16,24.96
3601,2023-12-07 14:55:57.069449,75,9,Butter,3,6.84,20.52
8140,2023-10-25 14:55:57.069449,17,8,Soda,5,7.05,35.25
7825,2023-12-18 14:55:57.069449,60,5,Eggs,9,2.29,20.61
5286,2024-02-29 14:55:57.069449,15,2,Banana,2,5.5,11.0
3919,2024-01-27 14:55:57.069449,26,7,Chips,1,9.69,9.69
9039,2023-11-19 14:55:57.069449,9,5,Eggs,1,1.98,1.98
4198,2023-08-16 14:55:57.069449,40,3,Milk,7,5.6,39.2
1651,2023-09-23 14:55:57.069449,45,8,Soda,1,4.95,4.95
9286,2024-01-26 14:55:57.069449,47,2,Banana,2,5.28,10.56
4787,2024-06-16 14:55:57.069449,46,5,Eggs,8,6.07,48.56
2668,2024-06-06 14:55:57.069449,7,4,Bread,9,6.61,59.49
6393,2024-01-04 14:55:57.070455,18,4,Bread,7,1.76,12.32
1462,2023-12-24 14:55:57.070455,47,1,Apple,8,8.33,66.64
7818,2023-12-16 14:55:57.070455,28,8,Soda,4,7.81,31.24
4000,2024-05-24 14:55:57.070455,33,1,Apple,1,5.83,5.83
3215,2024-02-17 14:55:57.070455,100,4,Bread,1,1.86,0.0
3215,2024-02-17 14:55:57.070455,100,9,Butter,3,4.87,0.0
1850,2024-01-14 14:55:57.070455,49,4,Bread,2,3.66,0.0
1850,2024-01-14 14:55:57.070455,49,9,Butter,4,4.5,0.0
8367,2023-11-21 14:55:57.070455,57,4,Bread,7,4.92,0.0
8367,2023-11-21 14:55:57.070455,57,9,Butter,1,6.3,0.0
7388,2024-03-24 14:55:57.070455,16,4,Bread,7,7.3,0.0
7388,2024-03-24 14:55:57.070455,16,9,Butter,7,8.32,0.0
6113,2023-08-21 14:55:57.070455,15,4,Bread,1,7.68,0.0
6113,2023-08-21 14:55:57.070455,15,9,Butter,9,5.68,0.0
1778,2023-08-08 14:55:57.070455,8,4,Bread,7,2.45,0.0
1778,2023-08-08 14:55:57.070455,8,9,Butter,3,8.81,0.0
8885,2023-09-11 14:55:57.070455,75,4,Bread,2,5.86,0.0
8885,2023-09-11 14:55:57.070455,75,9,Butter,2,7.05,0.0
8176,2023-07-12 14:55:57.070455,48,4,Bread,4,8.74,0.0
8176,2023-07-12 14:55:57.070455,48,9,Butter,1,2.36,0.0
3018,2024-05-26 14:55:57.070455,76,4,Bread,1,3.27,0.0
3018,2024-05-26 14:55:57.070455,76,9,Butter,6,7.11,0.0
5650,2024-01-20 14:55:57.070455,85,4,Bread,6,1.71,0.0
5650,2024-01-20 14:55:57.070455,85,9,Butter,9,5.26,0.0
9575,2023-07-15 14:55:57.070455,26,4,Bread,8,2.52,0.0
9575,2023-07-15 14:55:57.070455,26,9,Butter,5,6.57,0.0
2132,2023-08-01 14:55:57.070455,19,4,Bread,2,3.92,0.0
2132,2023-08-01 14:55:57.070455,19,9,Butter,7,4.9,0.0
1128,2023-08-15 14:55:57.070455,43,4,Bread,5,3.58,0.0
1128,2023-08-15 14:55:57.070455,43,9,Butter,10,6.66,0.0
2037,2024-03-21 14:55:57.070455,5,4,Bread,9,3.24,0.0
2037,2024-03-21 14:55:57.070455,5,9,Butter,1,9.55,0.0
5139,2023-12-15 14:55:57.070455,46,4,Bread,3,1.67,0.0
5139,2023-12-15 14:55:57.070455,46,9,Butter,4,4.06,0.0
2803,2023-06-26 14:55:57.070455,36,4,Bread,9,3.09,0.0
2803,2023-06-26 14:55:57.070455,36,9,Butter,2,1.33,0.0
5299,2023-08-07 14:55:57.070455,40,4,Bread,4,7.31,0.0
5299,2023-08-07 14:55:57.070455,40,9,Butter,1,6.63,0.0
7410,2023-11-21 14:55:57.070455,5,4,Bread,6,7.24,0.0
7410,2023-11-21 14:55:57.070455,5,9,Butter,10,4.19,0.0
9165,2024-05-28 14:55:57.070455,1,4,Bread,6,7.7,0.0
9165,2024-05-28 14:55:57.070455,1,9,Butter,5,2.01,0.0
3714,2023-12-29 14:55:57.070455,91,4,Bread,5,9.75,0.0
3714,2023-12-29 14:55:57.070455,91,9,Butter,2,1.63,0.0
5071,2023-06-26 14:55:57.070455,81,4,Bread,3,5.89,0.0
5071,2023-06-26 14:55:57.070455,81,9,Butter,5,1.82,0.0
7486,2024-04-18 14:55:57.070455,85,4,Bread,10,3.99,0.0
7486,2024-04-18 14:55:57.070455,85,9,Butter,3,7.72,0.0
1014,2023-10-11 14:55:57.070455,77,4,Bread,8,3.25,0.0
1014,2023-10-11 14:55:57.070455,77,9,Butter,10,3.17,0.0
3684,2024-02-02 14:55:57.070455,36,4,Bread,5,1.03,0.0
3684,2024-02-02 14:55:57.070455,36,9,Butter,5,6.77,0.0
3778,2023-12-13 14:55:57.070455,41,4,Bread,2,3.15,0.0
3778,2023-12-13 14:55:57.070455,41,9,Butter,5,9.63,0.0
7887,2023-06-29 14:55:57.070455,18,4,Bread,7,1.53,0.0
7887,2023-06-29 14:55:57.070455,18,9,Butter,8,5.46,0.0
4528,2024-03-26 14:55:57.071451,9,4,Bread,5,3.9,0.0
4528,2024-03-26 14:55:57.071451,9,9,Butter,5,2.71,0.0
9573,2023-10-07 14:55:57.071451,81,4,Bread,1,9.34,0.0
9573,2023-10-07 14:55:57.071451,81,9,Butter,7,5.2,0.0
2322,2024-04-17 14:55:57.071451,14,4,Bread,9,2.48,0.0
2322,2024-04-17 14:55:57.071451,14,9,Butter,2,7.27,0.0
3716,2024-02-07 14:55:57.071451,50,4,Bread,6,1.48,0.0
3716,2024-02-07 14:55:57.071451,50,9,Butter,10,2.75,0.0
2729,2024-02-11 14:55:57.071451,72,4,Bread,4,3.5,0.0
2729,2024-02-11 14:55:57.071451,72,9,Butter,3,1.47,0.0
2616,2023-12-27 14:55:57.071451,82,4,Bread,8,1.59,0.0
2616,2023-12-27 14:55:57.071451,82,9,Butter,4,1.39,0.0
3614,2023-09-26 14:55:57.071451,72,4,Bread,4,5.88,0.0
3614,2023-09-26 14:55:57.071451,72,9,Butter,10,6.15,0.0
2798,2023-12-17 14:55:57.071451,98,4,Bread,8,2.8,0.0
2798,2023-12-17 14:55:57.071451,98,9,Butter,3,9.03,0.0
6233,2024-06-21 14:55:57.071451,2,4,Bread,5,9.72,0.0
6233,2024-06-21 14:55:57.071451,2,9,Butter,9,2.65,0.0
4474,2023-07-27 14:55:57.071451,78,4,Bread,8,3.34,0.0
4474,2023-07-27 14:55:57.071451,78,9,Butter,5,6.98,0.0
6520,2024-02-18 14:55:57.071451,61,4,Bread,9,1.62,0.0
6520,2024-02-18 14:55:57.071451,61,9,Butter,5,2.92,0.0
6495,2023-06-28 14:55:57.071451,18,4,Bread,2,7.84,0.0
6495,2023-06-28 14:55:57.071451,18,9,Butter,5,1.5,0.0
6491,2024-01-01 14:55:57.071451,26,4,Bread,3,5.46,0.0
6491,2024-01-01 14:55:57.071451,26,9,Butter,4,7.56,0.0
2421,2024-02-19 14:55:57.071451,53,4,Bread,3,9.77,0.0
2421,2024-02-19 14:55:57.071451,53,9,Butter,7,7.97,0.0
8502,2023-08-21 14:55:57.071451,79,4,Bread,8,8.09,0.0
8502,2023-08-21 14:55:57.071451,79,9,Butter,3,6.38,0.0
5745,2023-11-29 14:55:57.071451,13,4,Bread,5,9.28,0.0
5745,2023-11-29 14:55:57.071451,13,9,Butter,1,5.24,0.0
3928,2024-05-10 14:55:57.071451,57,4,Bread,5,1.79,0.0
3928,2024-05-10 14:55:57.071451,57,9,Butter,3,7.02,0.0
9688,2024-04-23 14:55:57.071451,44,4,Bread,4,9.57,0.0
9688,2024-04-23 14:55:57.071451,44,9,Butter,8,1.39,0.0
1435,2023-11-30 14:55:57.071451,86,4,Bread,5,3.86,0.0
1435,2023-11-30 14:55:57.071451,86,9,Butter,4,1.41,0.0
7656,2024-05-29 14:55:57.071451,55,4,Bread,8,9.54,0.0
7656,2024-05-29 14:55:57.071451,55,9,Butter,5,9.4,0.0
9087,2023-11-04 14:55:57.071451,59,4,Bread,10,4.86,0.0
9087,2023-11-04 14:55:57.071451,59,9,Butter,4,3.01,0.0
2116,2023-11-04 14:55:57.071451,42,4,Bread,5,7.96,0.0
2116,2023-11-04 14:55:57.071451,42,9,Butter,8,5.13,0.0
6621,2024-05-01 14:55:57.071451,71,4,Bread,10,2.95,0.0
6621,2024-05-01 14:55:57.071451,71,9,Butter,4,9.45,0.0
3575,2023-10-01 14:55:57.071451,3,4,Bread,4,6.88,0.0
3575,2023-10-01 14:55:57.071451,3,9,Butter,8,3.87,0.0
4334,2024-02-04 14:55:57.071451,16,4,Bread,3,8.1,0.0
4334,2024-02-04 14:55:57.071451,16,9,Butter,4,7.62,0.0
4892,2023-06-28 14:55:57.071451,55,4,Bread,2,8.73,0.0
4892,2023-06-28 14:55:57.071451,55,9,Butter,9,3.28,0.0
9376,2023-08-18 14:55:57.071451,76,4,Bread,9,8.23,0.0
9376,2023-08-18 14:55:57.071451,76,9,Butter,10,7.0,0.0
8647,2024-01-07 14:55:57.071451,75,4,Bread,3,9.37,0.0
8647,2024-01-07 14:55:57.071451,75,9,Butter,9,7.05,0.0
7004,2024-06-02 14:55:57.072448,63,4,Bread,4,2.53,0.0
7004,2024-06-02 14:55:57.072448,63,9,Butter,9,5.42,0.0
1406,2024-05-09 14:55:57.072448,15,4,Bread,8,3.85,0.0
1406,2024-05-09 14:55:57.072448,15,9,Butter,3,5.06,0.0
2888,2024-06-09 14:55:57.072448,40,4,Bread,10,9.99,0.0
2888,2024-06-09 14:55:57.072448,40,9,Butter,1,8.36,0.0
5889,2024-02-04 14:55:57.072448,15,4,Bread,8,2.47,0.0
5889,2024-02-04 14:55:57.072448,15,9,Butter,3,1.3,0.0
1605,2023-11-12 14:55:57.072448,49,4,Bread,2,6.22,0.0
1605,2023-11-12 14:55:57.072448,49,9,Butter,3,8.27,0.0
5902,2024-05-25 14:55:57.072448,77,4,Bread,6,3.3,0.0
5902,2024-05-25 14:55:57.072448,77,9,Butter,4,9.6,0.0
9671,2024-03-11 14:55:57.072448,8,4,Bread,1,6.29,0.0
9671,2024-03-11 14:55:57.072448,8,9,Butter,7,6.22,0.0
3182,2024-02-12 14:55:57.072448,9,4,Bread,6,9.63,0.0
3182,2024-02-12 14:55:57.072448,9,9,Butter,6,3.96,0.0
8413,2024-04-28 14:55:57.072448,72,4,Bread,10,1.25,0.0
8413,2024-04-28 14:55:57.072448,72,9,Butter,4,3.44,0.0
1905,2023-11-03 14:55:57.072448,67,4,Bread,9,9.0,0.0
1905,2023-11-03 14:55:57.072448,67,9,Butter,2,7.32,0.0
3776,2023-09-17 14:55:57.072448,65,4,Bread,1,7.64,0.0
3776,2023-09-17 14:55:57.072448,65,9,Butter,10,5.21,0.0
3579,2023-10-02 14:55:57.072448,14,4,Bread,10,1.16,0.0
3579,2023-10-02 14:55:57.072448,14,9,Butter,1,5.23,0.0
8846,2023-09-19 14:55:57.072448,29,4,Bread,8,8.41,0.0
8846,2023-09-19 14:55:57.072448,29,9,Butter,3,2.12,0.0
3003,2023-07-10 14:55:57.072448,59,4,Bread,1,1.18,0.0
3003,2023-07-10 14:55:57.072448,59,9,Butter,6,7.25,0.0
7913,2024-04-18 14:55:57.072448,58,4,Bread,5,8.07,0.0
7913,2024-04-18 14:55:57.072448,58,9,Butter,5,6.41,0.0
4791,2023-08-22 14:55:57.072448,63,4,Bread,9,5.56,0.0
4791,2023-08-22 14:55:57.072448,63,9,Butter,6,8.05,0.0
6446,2023-11-04 14:55:57.072448,79,4,Bread,9,6.63,0.0
6446,2023-11-04 14:55:57.072448,79,9,Butter,3,7.79,0.0
7936,2024-01-15 14:55:57.072448,45,4,Bread,8,9.23,0.0
7936,2024-01-15 14:55:57.072448,45,9,Butter,3,9.28,0.0
3753,2023-12-16 14:55:57.072448,26,4,Bread,1,6.66,0.0
3753,2023-12-16 14:55:57.072448,26,9,Butter,7,7.46,0.0
5515,2023-07-04 14:55:57.072448,35,4,Bread,7,6.72,0.0
5515,2023-07-04 14:55:57.072448,35,9,Butter,10,5.05,0.0
3279,2024-03-22 14:55:57.072448,97,4,Bread,2,3.56,0.0
3279,2024-03-22 14:55:57.072448,97,9,Butter,10,7.23,0.0
3113,2023-11-04 14:55:57.072448,55,4,Bread,9,2.28,0.0
3113,2023-11-04 14:55:57.072448,55,9,Butter,8,6.73,0.0
5856,2023-11-28 14:55:57.072448,59,4,Bread,4,4.18,0.0
5856,2023-11-28 14:55:57.072448,59,9,Butter,1,2.53,0.0
1559,2023-10-30 14:55:57.072448,81,4,Bread,1,6.54,0.0
1559,2023-10-30 14:55:57.072448,81,9,Butter,6,6.62,0.0
7351,2024-02-02 14:55:57.072448,84,4,Bread,7,2.76,0.0
7351,2024-02-02 14:55:57.072448,84,9,Butter,10,7.42,0.0
9992,2024-06-15 14:55:57.072448,79,4,Bread,10,9.71,0.0
9992,2024-06-15 14:55:57.072448,79,9,Butter,10,5.4,0.0
7877,2024-01-15 14:55:57.072448,96,4,Bread,7,3.81,0.0
7877,2024-01-15 14:55:57.072448,96,9,Butter,4,4.53,0.0
7680,2024-06-04 14:55:57.072448,96,4,Bread,4,4.27,0.0
7680,2024-06-04 14:55:57.072448,96,9,Butter,7,9.43,0.0
2590,2023-11-27 14:55:57.072448,60,4,Bread,3,9.01,0.0
2590,2023-11-27 14:55:57.072448,60,9,Butter,6,3.01,0.0
2375,2024-03-29 14:55:57.072448,14,4,Bread,8,2.31,0.0
2375,2024-03-29 14:55:57.072448,14,9,Butter,6,3.69,0.0
9179,2023-12-28 14:55:57.072448,89,4,Bread,4,5.34,0.0
9179,2023-12-28 14:55:57.072448,89,9,Butter,3,1.78,0.0
9730,2023-09-04 14:55:57.073448,55,4,Bread,7,7.96,0.0
9730,2023-09-04 14:55:57.073448,55,9,Butter,1,9.11,0.0
5836,2023-10-27 14:55:57.073448,2,4,Bread,9,7.35,0.0
5836,2023-10-27 14:55:57.073448,2,9,Butter,10,2.31,0.0
9692,2024-03-25 14:55:57.073448,98,4,Bread,4,5.64,0.0
9692,2024-03-25 14:55:57.073448,98,9,Butter,5,5.75,0.0
9162,2024-04-21 14:55:57.073448,60,4,Bread,8,8.65,0.0
9162,2024-04-21 14:55:57.073448,60,9,Butter,5,7.39,0.0
3291,2024-03-01 14:55:57.073448,55,4,Bread,7,3.71,0.0
3291,2024-03-01 14:55:57.073448,55,9,Butter,4,1.16,0.0
1580,2024-06-09 14:55:57.073448,34,4,Bread,6,8.89,0.0
1580,2024-06-09 14:55:57.073448,34,9,Butter,8,5.4,0.0
5355,2023-11-23 14:55:57.073448,58,4,Bread,2,2.81,0.0
5355,2023-11-23 14:55:57.073448,58,9,Butter,6,7.85,0.0
2455,2024-01-02 14:55:57.073448,42,4,Bread,6,5.1,0.0
2455,2024-01-02 14:55:57.073448,42,9,Butter,9,1.27,0.0
6756,2023-12-22 14:55:57.073448,66,4,Bread,1,6.34,0.0
6756,2023-12-22 14:55:57.073448,66,9,Butter,3,7.67,0.0
8213,2024-02-11 14:55:57.073448,87,4,Bread,7,7.08,0.0
8213,2024-02-11 14:55:57.073448,87,9,Butter,8,4.51,0.0
4980,2023-09-13 14:55:57.073448,80,4,Bread,3,1.82,0.0
4980,2023-09-13 14:55:57.073448,80,9,Butter,8,5.36,0.0
7974,2023-12-28 14:55:57.073448,61,4,Bread,7,9.06,0.0
7974,2023-12-28 14:55:57.073448,61,9,Butter,2,7.15,0.0
7335,2024-01-07 14:55:57.073448,15,4,Bread,7,3.54,0.0
7335,2024-01-07 14:55:57.073448,15,9,Butter,10,8.33,0.0
6703,2024-01-10 14:55:57.073448,19,4,Bread,4,1.6,0.0
6703,2024-01-10 14:55:57.073448,19,9,Butter,1,2.89,0.0
1922,2024-05-04 14:55:57.073448,32,4,Bread,6,9.2,0.0
1922,2024-05-04 14:55:57.073448,32,9,Butter,4,1.28,0.0